Dataset,PMID,Run ID,BioProject_ID,SRA_sample_ID,BioSample_ID,Sample_name,Batch,Organism,Cultivar,GM,Genotype,Dev stage,Zadok_scale,Intermediate_age,High_level_age,Intermediate_tissue,High_level_tissue,Treatment,RNA_extraction,RNA_enrichment,RNA_input (microg),PCR_purification,Growth_condition,Day_night_condition,Temperature_day_night_c,Growth_location,Seq_location,Instrument,Library layout,PO dev general,PO dev narrow,PO tissue,Additional,Read length (bp)
cytoplasmic_male_sterility,32019527,SRR10737427,PRJNA596597,SRS5860070,SAMN13632079,303-B,1,Triticum aestivum,303-B,wt,303-B,Anther at binucleate stage,56,Heading,Reproductive,anther,inflorescence,control,trizol,oligo_dT_bead,unknown,AMPure_XP_bead,field,natural,natural,China_Northwest_University,China_Guangzhou_SageneBiotechLtd,Illumina HiSeq 2500,paired,PO:0007047,PO:0007002,PO:0009066,fertile maintainer line,150
cytoplasmic_male_sterility,32019527,SRR10737428,PRJNA596597,SRS5860068,SAMN13632078,303-B,1,Triticum aestivum,303-B,wt,303-B,Anther at binucleate stage,56,Heading,Reproductive,anther,inflorescence,control,trizol,oligo_dT_bead,unknown,AMPure_XP_bead,field,natural,natural,China_Northwest_University,China_Guangzhou_SageneBiotechLtd,Illumina HiSeq 2500,paired,PO:0007047,PO:0007002,PO:0009066,fertile maintainer line,150
cytoplasmic_male_sterility,32019527,SRR10737429,PRJNA596597,SRS5860066,SAMN13632077,303-B,1,Triticum aestivum,303-B,wt,303-B,Anther at binucleate stage,56,Heading,Reproductive,anther,inflorescence,control,trizol,oligo_dT_bead,unknown,AMPure_XP_bead,field,natural,natural,China_Northwest_University,China_Guangzhou_SageneBiotechLtd,Illumina HiSeq 2500,paired,PO:0007047,PO:0007002,PO:0009066,fertile maintainer line,150
cytoplasmic_male_sterility,32019527,SRR10737430,PRJNA596597,SRS5860069,SAMN13632082,C303A,2,Triticum aestivum,C303A,mut,C303A,Anther at binucleate stage,56,Heading,Reproductive,anther,inflorescence,mutant,trizol,oligo_dT_bead,unknown,AMPure_XP_bead,field,natural,natural,China_Northwest_University,China_Guangzhou_SageneBiotechLtd,Illumina HiSeq 2500,paired,PO:0007047,PO:0007002,PO:0009066,CytoplMaleSterile(CMS) line pistillody stamen,150
cytoplasmic_male_sterility,32019527,SRR10737431,PRJNA596597,SRS5860067,SAMN13632081,C303A,2,Triticum aestivum,C303A,mut,C303A,Anther at binucleate stage,56,Heading,Reproductive,anther,inflorescence,mutant,trizol,oligo_dT_bead,unknown,AMPure_XP_bead,field,natural,natural,China_Northwest_University,China_Guangzhou_SageneBiotechLtd,Illumina HiSeq 2500,paired,PO:0007047,PO:0007002,PO:0009066,CytoplMaleSterile(CMS) line pistillody stamen,150
cytoplasmic_male_sterility,32019527,SRR10737432,PRJNA596597,SRS5860065,SAMN13632080,C303A,2,Triticum aestivum,C303A,mut,C303A,Anther at binucleate stage,56,Heading,Reproductive,anther,inflorescence,mutant,trizol,oligo_dT_bead,unknown,AMPure_XP_bead,field,natural,natural,China_Northwest_University,China_Guangzhou_SageneBiotechLtd,Illumina HiSeq 2500,paired,PO:0007047,PO:0007002,PO:0009066,CytoplMaleSterile(CMS) line pistillody stamen,150
isonuc_allopl_male_sls,31910796,CRR088963,CRA002161,,SAMC117525,B706,3,Triticum aestivum,B706,wt,B706,Anther at binucleate stage,56,Heading,Reproductive,anther,inflorescence,control,RNAiso_for_polysaccharide_rich_plant_tissue_kit,oligo_dT_bead,5,AMPure_XP_bead,field,natural,natural,China_Northwest_University,China_Guangzhou_SageneBiotechLtd,Illumina HiSeq 2500,paired,PO:0007047,PO:0007002,PO:0009066,fertile maintainer line,
isonuc_allopl_male_sls,31910796,CRR088962,CRA002161,,SAMC117524,B706,3,Triticum aestivum,B706,wt,B706,Anther at binucleate stage,56,Heading,Reproductive,anther,inflorescence,control,RNAiso_for_polysaccharide_rich_plant_tissue_kit,oligo_dT_bead,5,AMPure_XP_bead,field,natural,natural,China_Northwest_University,China_Guangzhou_SageneBiotechLtd,Illumina HiSeq 2500,paired,PO:0007047,PO:0007002,PO:0009066,fertile maintainer line,
isonuc_allopl_male_sls,31910796,CRR088961,CRA002161,,SAMC117523,B706,3,Triticum aestivum,B706,wt,B706,Anther at binucleate stage,56,Heading,Reproductive,anther,inflorescence,control,RNAiso_for_polysaccharide_rich_plant_tissue_kit,oligo_dT_bead,5,AMPure_XP_bead,field,natural,natural,China_Northwest_University,China_Guangzhou_SageneBiotechLtd,Illumina HiSeq 2500,paired,PO:0007047,PO:0007002,PO:0009066,fertile maintainer line,
isonuc_allopl_male_sls,31910796,CRR088960,CRA002161,,SAMC117522,U706A,4,Triticum aestivum,U706A,mut,U706A,Anther at binucleate stage,56,Heading,Reproductive,anther,inflorescence,mutant,RNAiso_for_polysaccharide_rich_plant_tissue_kit,oligo_dT_bead,5,AMPure_XP_bead,field,natural,natural,China_Northwest_University,China_Guangzhou_SageneBiotechLtd,Illumina HiSeq 2500,paired,PO:0007047,PO:0007002,PO:0009066,"Ae. uniaristata cytoplasm, male sterility",
isonuc_allopl_male_sls,31910796,CRR088959,CRA002161,,SAMC117521,U706A,4,Triticum aestivum,U706A,mut,U706A,Anther at binucleate stage,56,Heading,Reproductive,anther,inflorescence,mutant,RNAiso_for_polysaccharide_rich_plant_tissue_kit,oligo_dT_bead,5,AMPure_XP_bead,field,natural,natural,China_Northwest_University,China_Guangzhou_SageneBiotechLtd,Illumina HiSeq 2500,paired,PO:0007047,PO:0007002,PO:0009066,"Ae. uniaristata cytoplasm, male sterility",
isonuc_allopl_male_sls,31910796,CRR088958,CRA002161,,SAMC117520,U706A,4,Triticum aestivum,U706A,mut,U706A,Anther at binucleate stage,56,Heading,Reproductive,anther,inflorescence,mutant,RNAiso_for_polysaccharide_rich_plant_tissue_kit,oligo_dT_bead,5,AMPure_XP_bead,field,natural,natural,China_Northwest_University,China_Guangzhou_SageneBiotechLtd,Illumina HiSeq 2500,paired,PO:0007047,PO:0007002,PO:0009066,"Ae. uniaristata cytoplasm, male sterility",
isonuc_allopl_male_sls,31910796,CRR088957,CRA002161,,SAMC117519,C706A,5,Triticum aestivum,C706A,mut,C706A,Anther at binucleate stage,56,Heading,Reproductive,anther,inflorescence,mutant,RNAiso_for_polysaccharide_rich_plant_tissue_kit,oligo_dT_bead,5,AMPure_XP_bead,field,natural,natural,China_Northwest_University,China_Guangzhou_SageneBiotechLtd,Illumina HiSeq 2500,paired,PO:0007047,PO:0007002,PO:0009066,"Ae. crassa cytoplasm, male sterility",
isonuc_allopl_male_sls,31910796,CRR088956,CRA002161,,SAMC117518,C706A,5,Triticum aestivum,C706A,mut,C706A,Anther at binucleate stage,56,Heading,Reproductive,anther,inflorescence,mutant,RNAiso_for_polysaccharide_rich_plant_tissue_kit,oligo_dT_bead,5,AMPure_XP_bead,field,natural,natural,China_Northwest_University,China_Guangzhou_SageneBiotechLtd,Illumina HiSeq 2500,paired,PO:0007047,PO:0007002,PO:0009066,"Ae. crassa cytoplasm, male sterility",
isonuc_allopl_male_sls,31910796,CRR088955,CRA002161,,SAMC117517,C706A,5,Triticum aestivum,C706A,mut,C706A,Anther at binucleate stage,56,Heading,Reproductive,anther,inflorescence,mutant,RNAiso_for_polysaccharide_rich_plant_tissue_kit,oligo_dT_bead,5,AMPure_XP_bead,field,natural,natural,China_Northwest_University,China_Guangzhou_SageneBiotechLtd,Illumina HiSeq 2500,paired,PO:0007047,PO:0007002,PO:0009066,"Ae. crassa cytoplasm, male sterility",
isonuc_allopl_male_sls,31910796,CRR088954,CRA002161,,SAMC117516,Ju706A,6,Triticum aestivum,Ju706A,mut,Ju706A,Anther at binucleate stage,56,Heading,Reproductive,anther,inflorescence,mutant,RNAiso_for_polysaccharide_rich_plant_tissue_kit,oligo_dT_bead,5,AMPure_XP_bead,field,natural,natural,China_Northwest_University,China_Guangzhou_SageneBiotechLtd,Illumina HiSeq 2500,paired,PO:0007047,PO:0007002,PO:0009066,"Ae. juvenalis cytoplasm, male sterility",
isonuc_allopl_male_sls,31910796,CRR088953,CRA002161,,SAMC117515,Ju706A,6,Triticum aestivum,Ju706A,mut,Ju706A,Anther at binucleate stage,56,Heading,Reproductive,anther,inflorescence,mutant,RNAiso_for_polysaccharide_rich_plant_tissue_kit,oligo_dT_bead,5,AMPure_XP_bead,field,natural,natural,China_Northwest_University,China_Guangzhou_SageneBiotechLtd,Illumina HiSeq 2500,paired,PO:0007047,PO:0007002,PO:0009066,"Ae. juvenalis cytoplasm, male sterility",
isonuc_allopl_male_sls,31910796,CRR088952,CRA002161,,SAMC117514,Ju706A,6,Triticum aestivum,Ju706A,mut,Ju706A,Anther at binucleate stage,56,Heading,Reproductive,anther,inflorescence,mutant,RNAiso_for_polysaccharide_rich_plant_tissue_kit,oligo_dT_bead,5,AMPure_XP_bead,field,natural,natural,China_Northwest_University,China_Guangzhou_SageneBiotechLtd,Illumina HiSeq 2500,paired,PO:0007047,PO:0007002,PO:0009066,"Ae. juvenalis cytoplasm, male sterility",
isonuc_allopl_male_sls,31910796,CRR088951,CRA002161,,SAMC117513,Va706A,7,Triticum aestivum,Va706A,mut,Va706A,Anther at binucleate stage,56,Heading,Reproductive,anther,inflorescence,mutant,RNAiso_for_polysaccharide_rich_plant_tissue_kit,oligo_dT_bead,5,AMPure_XP_bead,field,natural,natural,China_Northwest_University,China_Guangzhou_SageneBiotechLtd,Illumina HiSeq 2500,paired,PO:0007047,PO:0007002,PO:0009066," Ae. vavilovii cytoplasm, male sterility",
isonuc_allopl_male_sls,31910796,CRR088950,CRA002161,,SAMC117512,Va706A,7,Triticum aestivum,Va706A,mut,Va706A,Anther at binucleate stage,56,Heading,Reproductive,anther,inflorescence,mutant,RNAiso_for_polysaccharide_rich_plant_tissue_kit,oligo_dT_bead,5,AMPure_XP_bead,field,natural,natural,China_Northwest_University,China_Guangzhou_SageneBiotechLtd,Illumina HiSeq 2500,paired,PO:0007047,PO:0007002,PO:0009066," Ae. vavilovii cytoplasm, male sterility",
isonuc_allopl_male_sls,31910796,CRR088949,CRA002161,,SAMC117511,Va706A,7,Triticum aestivum,Va706A,mut,Va706A,Anther at binucleate stage,56,Heading,Reproductive,anther,inflorescence,mutant,RNAiso_for_polysaccharide_rich_plant_tissue_kit,oligo_dT_bead,5,AMPure_XP_bead,field,natural,natural,China_Northwest_University,China_Guangzhou_SageneBiotechLtd,Illumina HiSeq 2500,paired,PO:0007047,PO:0007002,PO:0009066," Ae. vavilovii cytoplasm, male sterility",
isonuc_allopl_male_sls,31910796,CRR088948,CRA002161,,SAMC117510,K706A,8,Triticum aestivum,K706A,mut,K706A,Anther at binucleate stage,56,Heading,Reproductive,anther,inflorescence,mutant,RNAiso_for_polysaccharide_rich_plant_tissue_kit,oligo_dT_bead,5,AMPure_XP_bead,field,natural,natural,China_Northwest_University,China_Guangzhou_SageneBiotechLtd,Illumina HiSeq 2500,paired,PO:0007047,PO:0007002,PO:0009066,"Aegilops kotschyi cytoplasm, male sterility",
isonuc_allopl_male_sls,31910796,CRR088947,CRA002161,,SAMC117509,K706A,8,Triticum aestivum,K706A,mut,K706A,Anther at binucleate stage,56,Heading,Reproductive,anther,inflorescence,mutant,RNAiso_for_polysaccharide_rich_plant_tissue_kit,oligo_dT_bead,5,AMPure_XP_bead,field,natural,natural,China_Northwest_University,China_Guangzhou_SageneBiotechLtd,Illumina HiSeq 2500,paired,PO:0007047,PO:0007002,PO:0009066,"Aegilops kotschyi cytoplasm, male sterility",
isonuc_allopl_male_sls,31910796,CRR088946,CRA002161,,SAMC117508,K706A,8,Triticum aestivum,K706A,mut,K706A,Anther at binucleate stage,56,Heading,Reproductive,anther,inflorescence,mutant,RNAiso_for_polysaccharide_rich_plant_tissue_kit,oligo_dT_bead,5,AMPure_XP_bead,field,natural,natural,China_Northwest_University,China_Guangzhou_SageneBiotechLtd,Illumina HiSeq 2500,paired,PO:0007047,PO:0007002,PO:0009066,"Aegilops kotschyi cytoplasm, male sterility",
multiovary_wheat,31165748,SRR7106399,PRJNA454376 ,SRS3253224,SAMN09005723,Mo_HC,9,Triticum aestivum,DUOIIxTZI,mut,Mo_HC,Young spike 2-6 mm long,33,Stem_elongation,Reproductive,spike,inflorescence,mutant,trizol,NEBNext_ultra_rna_libprepkit_forillumina,unknown,NEBNext_ultra_rna_libprepkit_forillumina,field,natural,natural,China_Northwest_University,China_Beijing_Novogene,Illumina HiSeq 4000,paired,PO:0007047,PO:0007025,PO:0030117,Mo_HC mono-ovary trait F1 = cross of TZI (female) + DUOII (male) parent,150
multiovary_wheat,31165748,SRR7106400,PRJNA454376 ,SRS3253223,SAMN09005724,Mu_NC,10,Triticum aestivum,DUOIIxTZI,mut,Mu_NC,Young spike 2-6 mm long,33,Stem_elongation,Reproductive,spike,inflorescence,mutant,trizol,NEBNext_ultra_rna_libprepkit_forillumina,unknown,NEBNext_ultra_rna_libprepkit_forillumina,field,natural,natural,China_Northwest_University,China_Beijing_Novogene,Illumina HiSeq 4000,paired,PO:0007047,PO:0007025,PO:0030117,Mu_NC multi-ovary trait F1 = cross of DUOII (female) + TZI (male) parent,150
multiovary_wheat,31165748,SRR7106401,PRJNA454376 ,SRS3253222,SAMN09005721,Mo_HC,9,Triticum aestivum,DUOIIxTZI,mut,Mo_HC,Young spike 2-6 mm long,33,Stem_elongation,Reproductive,spike,inflorescence,mutant,trizol,NEBNext_ultra_rna_libprepkit_forillumina,unknown,NEBNext_ultra_rna_libprepkit_forillumina,field,natural,natural,China_Northwest_University,China_Beijing_Novogene,Illumina HiSeq 4000,paired,PO:0007047,PO:0007025,PO:0030117,Mo_HC mono-ovary trait F1 = cross of TZI (female) + DUOII (male) parent,150
multiovary_wheat,31165748,SRR7106402,PRJNA454376 ,SRS3253220,SAMN09005722,Mo_HC,9,Triticum aestivum,DUOIIxTZI,mut,Mo_HC,Young spike 2-6 mm long,33,Stem_elongation,Reproductive,spike,inflorescence,mutant,trizol,NEBNext_ultra_rna_libprepkit_forillumina,unknown,NEBNext_ultra_rna_libprepkit_forillumina,field,natural,natural,China_Northwest_University,China_Beijing_Novogene,Illumina HiSeq 4000,paired,PO:0007047,PO:0007025,PO:0030117,Mo_HC mono-ovary trait F1 = cross of TZI (female) + DUOII (male) parent,150
multiovary_wheat,31165748,SRR7106403,PRJNA454376 ,SRS3253221,SAMN09005725,Mu_NC,10,Triticum aestivum,DUOIIxTZI,mut,Mu_NC,Young spike 2-6 mm long,33,Stem_elongation,Reproductive,spike,inflorescence,mutant,trizol,NEBNext_ultra_rna_libprepkit_forillumina,unknown,NEBNext_ultra_rna_libprepkit_forillumina,field,natural,natural,China_Northwest_University,China_Beijing_Novogene,Illumina HiSeq 4000,paired,PO:0007047,PO:0007025,PO:0030117,Mu_NC multi-ovary trait F1 = cross of DUOII (female) + TZI (male) parent,150
multiovary_wheat,31165748,SRR7106404,PRJNA454376 ,SRS3253219,SAMN09005726,Mu_NC,10,Triticum aestivum,DUOIIxTZI,mut,Mu_NC,Young spike 2-6 mm long,33,Stem_elongation,Reproductive,spike,inflorescence,mutant,trizol,NEBNext_ultra_rna_libprepkit_forillumina,unknown,NEBNext_ultra_rna_libprepkit_forillumina,field,natural,natural,China_Northwest_University,China_Beijing_Novogene,Illumina HiSeq 4000,paired,PO:0007047,PO:0007025,PO:0030117,Mu_NC multi-ovary trait F1 = cross of DUOII (female) + TZI (male) parent,150
drought_tolerance,28484474,SRR5383964,PRJNA380841,SRS2076531,SAMN06649952,D9_3_1,11,Triticum aestivum,Luyuan502,wt,wt,grain formation,71,Seed_development,Grain_development,ear,inflorescence,control,trizol,Rneasy_column,unknown,unknown,field,natural,natural,China_Hebei_University,China_Beijing_Novogene,Illumina HiSeq 2500,paired,PO:0007029,PO:0007029,PO:0020136,"timepoint T9 block D, drought resistant",125/150
drought_tolerance,28484474,SRR5383963,PRJNA380841,SRS2116499,SAMN06649951,D9_2_1,11,Triticum aestivum,Luyuan502,wt,wt,grain formation,71,Seed_development,Grain_development,ear,inflorescence,control,trizol,Rneasy_column,unknown,unknown,field,natural,natural,China_Hebei_University,China_Beijing_Novogene,Illumina HiSeq 2500,paired,PO:0007029,PO:0007029,PO:0020136,"timepoint T9 block D, drought resistant",125/150
drought_tolerance,28484474,SRR5383962,PRJNA380841,SRS2116498,SAMN06649950,D9_1_1,11,Triticum aestivum,Luyuan502,wt,wt,grain formation,71,Seed_development,Grain_development,ear,inflorescence,control,trizol,Rneasy_column,unknown,unknown,field,natural,natural,China_Hebei_University,China_Beijing_Novogene,Illumina HiSeq 2500,paired,PO:0007029,PO:0007029,PO:0020136,"timepoint T9 block D, drought resistant",125/150
drought_tolerance,28484474,SRR5383961,PRJNA380841,SRS2116496,SAMN06649949,C9_3_1,12,Triticum aestivum,Luyuan502,wt,wt,grain formation,71,Seed_development,Grain_development,ear,inflorescence,control,trizol,Rneasy_column,unknown,unknown,field,natural,natural,China_Hebei_University,China_Beijing_Novogene,Illumina HiSeq 2500,paired,PO:0007029,PO:0007029,PO:0020136,"timepoint T9 block C, drought resistant",125/150
drought_tolerance,28484474,SRR5383960,PRJNA380841,SRS2076530,SAMN06649948,C9_2_1,12,Triticum aestivum,Luyuan502,wt,wt,grain formation,71,Seed_development,Grain_development,ear,inflorescence,control,trizol,Rneasy_column,unknown,unknown,field,natural,natural,China_Hebei_University,China_Beijing_Novogene,Illumina HiSeq 2500,paired,PO:0007029,PO:0007029,PO:0020136,"timepoint T9 block C, drought resistant",125/150
drought_tolerance,28484474,SRR5383959,PRJNA380841,SRS2116497,SAMN06649947 ,C9_1_1,12,Triticum aestivum,Luyuan502,wt,wt,grain formation,71,Seed_development,Grain_development,ear,inflorescence,control,trizol,Rneasy_column,unknown,unknown,field,natural,natural,China_Hebei_University,China_Beijing_Novogene,Illumina HiSeq 2500,paired,PO:0007029,PO:0007029,PO:0020136,"timepoint T9 block C, drought resistant",125/150
drought_tolerance,28484474,SRR5383957,PRJNA380841,SRS2076529,SAMN06649946,D8_3_1,13,Triticum aestivum,Luyuan502,wt,wt,flowering stage,61,Anthesis,Reproductive,ear,inflorescence,control,trizol,Rneasy_column,unknown,unknown,field,natural,natural,China_Hebei_University,China_Beijing_Novogene,Illumina HiSeq 2500,paired,PO:0007026,PO:0007026,PO:0020136,"timepoint T8 block D, drought resistant",125/150
drought_tolerance,28484474,SRR5383955,PRJNA380841,SRS2116495,SAMN06649944,D8_2_1,13,Triticum aestivum,Luyuan502,wt,wt,flowering stage,61,Anthesis,Reproductive,ear,inflorescence,control,trizol,Rneasy_column,unknown,unknown,field,natural,natural,China_Hebei_University,China_Beijing_Novogene,Illumina HiSeq 2500,paired,PO:0007026,PO:0007026,PO:0020136,"timepoint T8 block D, drought resistant",125/150
drought_tolerance,28484474,SRR5383954,PRJNA380841,SRS2116494,SAMN06649943,D8_1_1,13,Triticum aestivum,Luyuan502,wt,wt,flowering stage,61,Anthesis,Reproductive,ear,inflorescence,control,trizol,Rneasy_column,unknown,unknown,field,natural,natural,China_Hebei_University,China_Beijing_Novogene,Illumina HiSeq 2500,paired,PO:0007026,PO:0007026,PO:0020136,"timepoint T8 block D, drought resistant",125/150
drought_tolerance,28484474,SRR5383952,PRJNA380841,SRS2076528,SAMN06649942,C8_3_1,14,Triticum aestivum,Luyuan502,wt,wt,flowering stage,61,Anthesis,Reproductive,ear,inflorescence,control,trizol,Rneasy_column,unknown,unknown,field,natural,natural,China_Hebei_University,China_Beijing_Novogene,Illumina HiSeq 2500,paired,PO:0007026,PO:0007026,PO:0020136,"timepoint T8 block C, drought resistant",125/150
drought_tolerance,28484474,SRR5383950,PRJNA380841,SRS2076527,SAMN06649941,C8_2_1,14,Triticum aestivum,Luyuan502,wt,wt,flowering stage,61,Anthesis,Reproductive,ear,inflorescence,control,trizol,Rneasy_column,unknown,unknown,field,natural,natural,China_Hebei_University,China_Beijing_Novogene,Illumina HiSeq 2500,paired,PO:0007026,PO:0007026,PO:0020136,"timepoint T8 block C, drought resistant",125/150
drought_tolerance,28484474,SRR5383948,PRJNA380841,SRS2116493,SAMN06649940,C8_1_1,14,Triticum aestivum,Luyuan502,wt,wt,flowering stage,61,Anthesis,Reproductive,leaf,leaf,control,trizol,Rneasy_column,unknown,unknown,field,natural,natural,China_Hebei_University,China_Beijing_Novogene,Illumina HiSeq 2500,paired,PO:0007026,PO:0007026,PO:0006340,"timepoint T8 block C – probably ear sample!!, drought resistant",125/150
drought_tolerance,28484474,SRR5383947,PRJNA380841,SRS2116492,SAMN06649938,C6_3_1,15,Triticum aestivum,Luyuan502,wt,wt,tetrad booting stage,41,Booting,Reproductive,leaf,leaf,control,trizol,Rneasy_column,unknown,unknown,field,natural,natural,China_Hebei_University,China_Beijing_Novogene,Illumina HiSeq 2500,paired,PO:0007047,PO:0007023,PO:0006340,"timepoint T6 block C – block D?, drought resistant",125/150
drought_tolerance,28484474,SRR5383945,PRJNA380841,SRS2076526,SAMN06649939,C6_2_1,15,Triticum aestivum,Luyuan502,wt,wt,tetrad booting stage,41,Booting,Reproductive,leaf,leaf,control,trizol,Rneasy_column,unknown,unknown,field,natural,natural,China_Hebei_University,China_Beijing_Novogene,Illumina HiSeq 2500,paired,PO:0007047,PO:0007023,PO:0006340,"timepoint T6 block C – block D?, drought resistant",125/150
drought_tolerance,28484474,SRR5383944,PRJNA380841,SRS2076525,SAMN06649937,C6_1_1,15,Triticum aestivum,Luyuan502,wt,wt,tetrad booting stage,41,Booting,Reproductive,leaf,leaf,control,trizol,Rneasy_column,unknown,unknown,field,natural,natural,China_Hebei_University,China_Beijing_Novogene,Illumina HiSeq 2500,paired,PO:0007047,PO:0007023,PO:0006340,"timepoint T6 block C – block D?, drought resistant",125/150
drought_tolerance,28484474,SRR5383941,PRJNA380841,SRS2116491,SAMN06649936 ,A6_3_1,16,Triticum aestivum,Luyuan502,wt,wt,tetrad booting stage,41,Booting,Reproductive,leaf,leaf,control,trizol,Rneasy_column,unknown,unknown,field,natural,natural,China_Hebei_University,China_Beijing_Novogene,Illumina HiSeq 2500,paired,PO:0007047,PO:0007023,PO:0006340,"timepoint T6 block A, drought resistant",125/150
drought_tolerance,28484474,SRR5383938,PRJNA380841,SRS2076524,SAMN06649935,A6_2_1,16,Triticum aestivum,Luyuan502,wt,wt,tetrad booting stage,41,Booting,Reproductive,leaf,leaf,control,trizol,Rneasy_column,unknown,unknown,field,natural,natural,China_Hebei_University,China_Beijing_Novogene,Illumina HiSeq 2500,paired,PO:0007047,PO:0007023,PO:0006340,"timepoint T6 block A, drought resistant",125/150
drought_tolerance,28484474,SRR5383936,PRJNA380841,SRS2076523,SAMN06649934,A6_1_1,16,Triticum aestivum,Luyuan502,wt,wt,tetrad booting stage,41,Booting,Reproductive,leaf,leaf,control,trizol,Rneasy_column,unknown,unknown,field,natural,natural,China_Hebei_University,China_Beijing_Novogene,Illumina HiSeq 2500,paired,PO:0007047,PO:0007023,PO:0006340,"timepoint T6 block A, drought resistant",125/150
drought_tolerance,28484474,SRR5383935,PRJNA380841,SRS2076522,SAMN06649915,C5_3_1,17,Triticum aestivum,Luyuan502,wt,wt,anther differentiation stage,38,Floret_development,Reproductive,leaf,leaf,control,trizol,Rneasy_column,unknown,unknown,field,natural,natural,China_Hebei_University,China_Beijing_Novogene,Illumina HiSeq 2500,paired,PO:0007047,PO:0007048,PO:0006340,"timepoint T5 block C – block D?, drought resistant",125/150
drought_tolerance,28484474,SRR5383934,PRJNA380841,SRS2076518,SAMN06649914,C5_2_1,17,Triticum aestivum,Luyuan502,wt,wt,anther differentiation stage,38,Floret_development,Reproductive,leaf,leaf,control,trizol,Rneasy_column,unknown,unknown,field,natural,natural,China_Hebei_University,China_Beijing_Novogene,Illumina HiSeq 2500,paired,PO:0007047,PO:0007048,PO:0006340,"timepoint T5 block C – block D?, drought resistant",125/150
drought_tolerance,28484474,SRR5383933,PRJNA380841,SRS2076245,SAMN06649913,C5_1_1,17,Triticum aestivum,Luyuan502,wt,wt,anther differentiation stage,38,Floret_development,Reproductive,leaf,leaf,control,trizol,Rneasy_column,unknown,unknown,field,natural,natural,China_Hebei_University,China_Beijing_Novogene,Illumina HiSeq 2500,paired,PO:0007047,PO:0007048,PO:0006340,"timepoint T5 block C – block D?, drought resistant",125/150
drought_tolerance,28484474,SRR5383901,PRJNA380841,SRS2076487,SAMN06649912,A5_3_1,18,Triticum aestivum,Luyuan502,wt,wt,anther differentiation stage,38,Floret_development,Reproductive,leaf,leaf,control,trizol,Rneasy_column,unknown,unknown,field,natural,natural,China_Hebei_University,China_Beijing_Novogene,Illumina HiSeq 2500,paired,PO:0007047,PO:0007048,PO:0006340,"timepoint T5 block A, drought resistant",125/150
drought_tolerance,28484474,SRR5383900,PRJNA380841,SRS2076486,SAMN06649911,A5_2_1,18,Triticum aestivum,Luyuan502,wt,wt,anther differentiation stage,38,Floret_development,Reproductive,leaf,leaf,control,trizol,Rneasy_column,unknown,unknown,field,natural,natural,China_Hebei_University,China_Beijing_Novogene,Illumina HiSeq 2500,paired,PO:0007047,PO:0007048,PO:0006340,"timepoint T5 block A, drought resistant",125/150
drought_tolerance,28484474,SRR5383650,PRJNA380841,SRS2076246,SAMN06649910,A5_1_1,18,Triticum aestivum,Luyuan502,wt,wt,anther differentiation stage,38,Floret_development,Reproductive,leaf,leaf,control,trizol,Rneasy_column,unknown,unknown,field,natural,natural,China_Hebei_University,China_Beijing_Novogene,Illumina HiSeq 2500,paired,PO:0007047,PO:0007048,PO:0006340,"timepoint T5 block A, drought resistant",125/150
thermosens_male_sterility,31729646,SRR9593823,PRJNA550982 ,SRS5022090,SAMN12136472,Asg-3,30,Triticum aestivum,4110s,mut,mut,later uninucleate stage,50,Heading,Reproductive,anther,inflorescence,highT,RNAprep_pure_plant_kit,polyToligo_bead,1,AMPure_XP_bead,incubator,14_10,22_20,China_Northwest_University,China,Illumina HiScanSQ,paired,PO:0007047,PO:0007025,PO:0009066,"Asg 22/20 celsius  high T, male sterility",
thermosens_male_sterility,31729646,SRR9593824,PRJNA550982 ,SRS5022089,SAMN12136471,Asg-2,20,Triticum aestivum,4110s,mut,mut,later uninucleate stage,50,Heading,Reproductive,anther,inflorescence,highT,RNAprep_pure_plant_kit,polyToligo_bead,1,AMPure_XP_bead,incubator,14_10,22_20,China_Northwest_University,China,Illumina HiScanSQ,paired,PO:0007047,PO:0007025,PO:0009066,"Asg 22/20 celsius  high T, male sterility",
thermosens_male_sterility,31729646,SRR9593825,PRJNA550982 ,SRS5022088,SAMN12136468,Asd-2,20,Triticum aestivum,4110s,mut,mut,later uninucleate stage,50,Heading,Reproductive,anther,inflorescence,lowT,RNAprep_pure_plant_kit,polyToligo_bead,1,AMPure_XP_bead,incubator,14_10,17_15,China_Northwest_University,China,Illumina HiScanSQ,paired,PO:0007047,PO:0007025,PO:0009066,"Asd 17/15 celsius  low T, male sterility",
thermosens_male_sterility,31729646,SRR9593826,PRJNA550982 ,SRS5022087,SAMN12136467,Asd-1,19,Triticum aestivum,4110s,mut,mut,later uninucleate stage,50,Heading,Reproductive,anther,inflorescence,lowT,RNAprep_pure_plant_kit,polyToligo_bead,1,AMPure_XP_bead,incubator,14_10,17_15,China_Northwest_University,China,Illumina HiScanSQ,paired,PO:0007047,PO:0007025,PO:0009066,"Asd 17/15 celsius  low T, male sterility",
thermosens_male_sterility,31729646,SRR9593827,PRJNA550982 ,SRS5022086,SAMN12136470,Asg-1,19,Triticum aestivum,4110s,mut,mut,later uninucleate stage,50,Heading,Reproductive,anther,inflorescence,highT,RNAprep_pure_plant_kit,polyToligo_bead,1,AMPure_XP_bead,incubator,14_10,22_20,China_Northwest_University,China,Illumina HiScanSQ,paired,PO:0007047,PO:0007025,PO:0009066,"Asg 22/20 celsius  high T, male sterility",
thermosens_male_sterility,31729646,SRR9593828,PRJNA550982 ,SRS5022085,SAMN12136469,Asd-3,30,Triticum aestivum,4110s,mut,mut,later uninucleate stage,50,Heading,Reproductive,anther,inflorescence,lowT,RNAprep_pure_plant_kit,polyToligo_bead,1,AMPure_XP_bead,incubator,14_10,17_15,China_Northwest_University,China,Illumina HiScanSQ,paired,PO:0007047,PO:0007025,PO:0009066,"Asd 17/15 celsius  low T, male sterility",
pistillody_stamen,25886815,SRR1177761,PRJNA239299,SRS562584,SAMN02662075,S,31,Triticum aestivum,CS,wt,CSTP,spike formation stage,40,Floret_development,Reproductive,stamen,inflorescence,control,cetyl_trimethylammonium_bromide,polyToligo_bead,3,AMPure_XP_bead,field,natural,natural,China_West_University,China,Illumina HiSeq 2000,paired,PO:0007047,PO:0007048,PO:0009029,stamen in CSTP ,100
pistillody_stamen,25886815,SRR1177760,PRJNA239299,SRS562583,SAMN02662073,PS,32,Triticum aestivum,HTS-1,mut,HTS-1,spike formation stage,40,Floret_development,Reproductive,stamen,inflorescence,mutant,cetyl_trimethylammonium_bromide,polyToligo_bead,3,AMPure_XP_bead,field,natural,natural,China_West_University,China,Illumina HiSeq 2000,paired,PO:0007047,PO:0007048,PO:0009029,"pistillody stamen in HTS-1, 3-6 pistills/floret",100
pistillody_stamen,25886815,SRR1175868,PRJNA239299,SRS561346,SAMN02662074,P,33,Triticum aestivum,CS,wt,CSTP,spike formation stage,40,Floret_development,Reproductive,pistil,inflorescence,control,cetyl_trimethylammonium_bromide,polyToligo_bead,3,AMPure_XP_bead,field,natural,natural,China_West_University,China,Illumina HiSeq 2000,paired,PO:0007047,PO:0007048,PO:0009062,Pistil in CSTP,100
meiosis,29581960,FRR7482,website,,,NG-5789_1A_lib7482,34,Triticum aestivum,CS,wt,wt,latent_lepto,39,Floret_development,Reproductive,anther,inflorescence,control,unknown,unknown,unknown,unknown,unknown,unknown,unknown,France,France,Illumina HiSeq 2000,paired,PO:0007047,PO:0007048,PO:0009066,,100
meiosis,29581960,FRR7483,website,,,NG-5789_1B_lib7486,34,Triticum aestivum,CS,wt,wt,latent_lepto,39,Floret_development,Reproductive,anther,inflorescence,control,unknown,unknown,unknown,unknown,unknown,unknown,unknown,France,France,Illumina HiSeq 2000,paired,PO:0007047,PO:0007048,PO:0009066,,100
meiosis,29581960,FRR7484,website,,,NG-5789_2A_lib7483,35,Triticum aestivum,CS,wt,wt,diplo_dia,39,Floret_development,Reproductive,anther,inflorescence,control,unknown,unknown,unknown,unknown,unknown,unknown,unknown,France,France,Illumina HiSeq 2000,paired,PO:0007047,PO:0007002,PO:0009066,,100
meiosis,29581960,FRR7485,website,,,NG-5789_2B_lib7487,35,Triticum aestivum,CS,wt,wt,diplo_dia,39,Floret_development,Reproductive,anther,inflorescence,control,unknown,unknown,unknown,unknown,unknown,unknown,unknown,France,France,Illumina HiSeq 2000,paired,PO:0007047,PO:0007002,PO:0009066,,100
meiosis,29581960,FRR7486,website,,,NG-5789_3A_lib7484,36,Triticum aestivum,CS,wt,wt,zygo_pachy,39,Floret_development,Reproductive,anther,inflorescence,control,unknown,unknown,unknown,unknown,unknown,unknown,unknown,France,France,Illumina HiSeq 2000,paired,PO:0007047,PO:0007008,PO:0009066,,100
meiosis,29581960,FRR7487,website,,,NG-5789_3B_lib7488,36,Triticum aestivum,CS,wt,wt,zygo_pachy,39,Floret_development,Reproductive,anther,inflorescence,control,unknown,unknown,unknown,unknown,unknown,unknown,unknown,France,France,Illumina HiSeq 2000,paired,PO:0007047,PO:0007008,PO:0009066,,100
meiosis,29581960,FRR7488,website,,,NG-5789_4A_lib7485,37,Triticum aestivum,CS,wt,wt,metaphaseI,39,Floret_development,Reproductive,anther,inflorescence,control,unknown,unknown,unknown,unknown,unknown,unknown,unknown,France,France,Illumina HiSeq 2000,paired,PO:0007047,PO:0007023,PO:0009066,,100
meiosis,29581960,FRR7489,website,,,NG-5789_4B_lib7489,37,Triticum aestivum,CS,wt,wt,metaphaseI,39,Floret_development,Reproductive,anther,inflorescence,control,unknown,unknown,unknown,unknown,unknown,unknown,unknown,France,France,Illumina HiSeq 2000,paired,PO:0007047,PO:0007023,PO:0009066,,100
dev_timecourse_series,25853487,ERR424721,PRJEB5314,ERS399947,SAMEA2342263,grain_Z85_rep1,40,Triticum aestivum,CS,wt,wt,,85,Dough_development,Grain_development,grain,grain,control,unknown,unknown,4,AMPure_XP_bead,unknown,unknown,unknown,France_Genoscope,France_Genoscope,Illumina HiSeq 2000,paired,PO:0007010,PO:0007031,PO:0030104,Pmid 25035497 as well,
dev_timecourse_series,25853487,ERR424724,PRJEB5314,ERS399929,SAMEA2342245,spike_Z65_rep1,49,Triticum aestivum,CS,wt,wt,,65,Anthesis,Reproductive,spike,inflorescence,control,unknown,unknown,4,AMPure_XP_bead,unknown,unknown,unknown,France_Genoscope,France_Genoscope,Illumina HiSeq 2000,paired,PO:0007053,PO:0007053,PO:0030117,Pmid 25035497 as well,
dev_timecourse_series,25853487,ERR424726,PRJEB5314,ERS399951,SAMEA2342267,leaf_Z10_rep1,41,Triticum aestivum,CS,wt,wt,,10,Germination,Seedling,leaf,leaf,control,unknown,unknown,4,AMPure_XP_bead,unknown,unknown,unknown,France_Genoscope,France_Genoscope,Illumina HiSeq 2000,paired,PO:0007112,PO:0007049,PO:0006339,Pmid 25035497 as well,
dev_timecourse_series,25853487,ERR424727,PRJEB5314,ERS399926,SAMEA2342242,root_Z39_rep1,46,Triticum aestivum,CS,wt,wt,,39,Floret_development,Reproductive,root,root,control,unknown,unknown,4,AMPure_XP_bead,unknown,unknown,unknown,France_Genoscope,France_Genoscope,Illumina HiSeq 2000,paired,PO:0007089,PO:0007109,PO:0009005,Pmid 25035497 as well,
dev_timecourse_series,25853487,ERR424728,PRJEB5314,ERS399950,SAMEA2342266,stem_Z30_rep1,50,Triticum aestivum,CS,wt,wt,,30,Tillering,Vegetative,stem,stem,control,unknown,unknown,4,AMPure_XP_bead,unknown,unknown,unknown,France_Genoscope,France_Genoscope,Illumina HiSeq 2000,paired,PO:0007089,PO:0007079,PO:0009047,Pmid 25035497 as well,
dev_timecourse_series,25853487,ERR424730,PRJEB5314,ERS399956,SAMEA2342271,grain_Z71_rep1,38,Triticum aestivum,CS,wt,wt,,71,Seed_development,Grain_development,grain,grain,control,unknown,unknown,4,AMPure_XP_bead,unknown,unknown,unknown,France_Genoscope,France_Genoscope,Illumina HiSeq 2000,paired,PO:0007029,PO:0007029,PO:0030104,Pmid 25035497 as well,
dev_timecourse_series,25853487,ERR424732,PRJEB5314,ERS399928,SAMEA2342244,root_Z39_rep2,46,Triticum aestivum,CS,wt,wt,,39,Floret_development,Reproductive,root,root,control,unknown,unknown,4,AMPure_XP_bead,unknown,unknown,unknown,France_Genoscope,France_Genoscope,Illumina HiSeq 2000,paired,PO:0007089,PO:0007109,PO:0009005,Pmid 25035497 as well,
dev_timecourse_series,25853487,ERR424733,PRJEB5314,ERS399922,SAMEA2342238,stem_Z32_rep2,51,Triticum aestivum,CS,wt,wt,,32,Stem_elongation,Reproductive,stem,stem,control,unknown,unknown,4,AMPure_XP_bead,unknown,unknown,unknown,France_Genoscope,France_Genoscope,Illumina HiSeq 2000,paired,PO:0007089,PO:0007117,PO:0009047,Pmid 25035497 as well,
dev_timecourse_series,25853487,ERR424734,PRJEB5314,ERS399933,SAMEA2342249,grain_Z75_rep2,39,Triticum aestivum,CS,wt,wt,,75,Seed_development,Grain_development,grain,grain,control,unknown,unknown,4,AMPure_XP_bead,unknown,unknown,unknown,France_Genoscope,France_Genoscope,Illumina HiSeq 2000,paired,PO:0007027,PO:0007027,PO:0030104,Pmid 25035497 as well,
dev_timecourse_series,25853487,ERR424735,PRJEB5314,ERS399953,SAMEA2342269,spike_Z39_rep2,48,Triticum aestivum,CS,wt,wt,,39,Floret_development,Reproductive,spike,inflorescence,control,unknown,unknown,4,AMPure_XP_bead,unknown,unknown,unknown,France_Genoscope,France_Genoscope,Illumina HiSeq 2000,paired,PO:0007089,PO:0007109,PO:0030117,Pmid 25035497 as well,
dev_timecourse_series,25853487,ERR424739,PRJEB5314,ERS399942,SAMEA2342258,stem_Z65_rep1,52,Triticum aestivum,CS,wt,wt,,65,Anthesis,Reproductive,stem,stem,control,unknown,unknown,4,AMPure_XP_bead,unknown,unknown,unknown,France_Genoscope,France_Genoscope,Illumina HiSeq 2000,paired,PO:0007053,PO:0007053,PO:0009047,Pmid 25035497 as well,
dev_timecourse_series,25853487,ERR424743,PRJEB5314,ERS399937,SAMEA2342253,root_Z13_rep2,45,Triticum aestivum,CS,wt,wt,,13,Leaf_development,Vegetative,root,root,control,unknown,unknown,4,AMPure_XP_bead,unknown,unknown,unknown,France_Genoscope,France_Genoscope,Illumina HiSeq 2000,paired,PO:0007112,PO:0007106,PO:0009005,Pmid 25035497 as well,
dev_timecourse_series,25853487,ERR424748,PRJEB5314,ERS399946,SAMEA2342262,stem_Z30_rep2,50,Triticum aestivum,CS,wt,wt,,30,Stem_elongation,Reproductive,stem,stem,control,unknown,unknown,4,AMPure_XP_bead,unknown,unknown,unknown,France_Genoscope,France_Genoscope,Illumina HiSeq 2000,paired,PO:0007089,PO:0007079,PO:0009047,Pmid 25035497 as well,
dev_timecourse_series,25853487,ERR424749,PRJEB5314,ERS399938,SAMEA2342254,leaf_Z71_rep1,43,Triticum aestivum,CS,wt,wt,,71,Seed_development,Grain_development,senescence_leaf,leaf,control,unknown,unknown,4,AMPure_XP_bead,unknown,unknown,unknown,France_Genoscope,France_Genoscope,Illumina HiSeq 2000,paired,PO:0007029,PO:0007029,PO:0006340,Pmid 25035497 as well,
dev_timecourse_series,25853487,ERR424750,PRJEB5314,ERS399939,SAMEA2342255,grain_Z85_rep2,40,Triticum aestivum,CS,wt,wt,,85,Dough_development,Grain_development,grain,grain,control,unknown,unknown,4,AMPure_XP_bead,unknown,unknown,unknown,France_Genoscope,France_Genoscope,Illumina HiSeq 2000,paired,PO:0007010,PO:0007031,PO:0030104,Pmid 25035497 as well,
dev_timecourse_series,25853487,ERR424753,PRJEB5314,ERS399952,SAMEA2342268,spike_Z39_rep1,48,Triticum aestivum,CS,wt,wt,,39,Floret_development,Reproductive,spike,inflorescence,control,unknown,unknown,4,AMPure_XP_bead,unknown,unknown,unknown,France_Genoscope,France_Genoscope,Illumina HiSeq 2000,paired,PO:0007089,PO:0007109,PO:0030117,Pmid 25035497 as well,
dev_timecourse_series,25853487,ERR424754,PRJEB5314,ERS399940,SAMEA2342256,leaf_Z71_rep2,43,Triticum aestivum,CS,wt,wt,,71,Seed_development,Grain_development,senescence_leaf,leaf,control,unknown,unknown,4,AMPure_XP_bead,unknown,unknown,unknown,France_Genoscope,France_Genoscope,Illumina HiSeq 2000,paired,PO:0007029,PO:0007029,PO:0006340,Pmid 25035497 as well,
dev_timecourse_series,25853487,ERR424756,PRJEB5314,ERS399932,SAMEA2342248,spike_Z32_rep2,47,Triticum aestivum,CS,wt,wt,,32,Stem_elongation,Reproductive,spike,inflorescence,control,unknown,unknown,4,AMPure_XP_bead,unknown,unknown,unknown,France_Genoscope,France_Genoscope,Illumina HiSeq 2000,paired,PO:0007089,PO:0007117,PO:0030117,Pmid 25035497 as well,
dev_timecourse_series,25853487,ERR424758,PRJEB5314,ERS399934,SAMEA2342250,spike_Z65_rep2,49,Triticum aestivum,CS,wt,wt,,65,Anthesis,Reproductive,spike,inflorescence,control,unknown,unknown,4,AMPure_XP_bead,unknown,unknown,unknown,France_Genoscope,France_Genoscope,Illumina HiSeq 2000,paired,PO:0007053,PO:0007053,PO:0030117,Pmid 25035497 as well,
dev_timecourse_series,25853487,ERR424761,PRJEB5314,ERS399935,SAMEA2342251,root_Z13_rep1,45,Triticum aestivum,CS,wt,wt,,13,Leaf_development,Vegetative,root,root,control,unknown,unknown,4,AMPure_XP_bead,unknown,unknown,unknown,France_Genoscope,France_Genoscope,Illumina HiSeq 2000,paired,PO:0007112,PO:0007106,PO:0009005,Pmid 25035497 as well,
dev_timecourse_series,25853487,ERR424762,PRJEB5314,ERS399941,SAMEA2342257,stem_Z65_rep2,52,Triticum aestivum,CS,wt,wt,,65,Anthesis,Reproductive,stem,stem,control,unknown,unknown,4,AMPure_XP_bead,unknown,unknown,unknown,France_Genoscope,France_Genoscope,Illumina HiSeq 2000,paired,PO:0007053,PO:0007053,PO:0009047,Pmid 25035497 as well,
dev_timecourse_series,25853487,ERR424765,PRJEB5314,ERS399948,SAMEA2342264,leaf_Z10_rep2,41,Triticum aestivum,CS,wt,wt,,10,Germination,Seedling,leaf,leaf,control,unknown,unknown,4,AMPure_XP_bead,unknown,unknown,unknown,France_Genoscope,France_Genoscope,Illumina HiSeq 2000,paired,PO:0007112,PO:0007049,PO:0006339,Pmid 25035497 as well,
dev_timecourse_series,25853487,ERR424767,PRJEB5314,ERS399923,SAMEA2342239,stem_Z32_rep1,51,Triticum aestivum,CS,wt,wt,,32,Stem_elongation,Reproductive,stem,stem,control,unknown,unknown,4,AMPure_XP_bead,unknown,unknown,unknown,France_Genoscope,France_Genoscope,Illumina HiSeq 2000,paired,PO:0007089,PO:0007117,PO:0009047,Pmid 25035497 as well,
dev_timecourse_series,25853487,ERR424769,PRJEB5314,ERS399954,SAMEA2342270,grain_Z71_rep2,38,Triticum aestivum,CS,wt,wt,,71,Seed_development,Grain_development,grain,grain,control,unknown,unknown,4,AMPure_XP_bead,unknown,unknown,unknown,France_Genoscope,France_Genoscope,Illumina HiSeq 2000,paired,PO:0007029,PO:0007029,PO:0030104,Pmid 25035497 as well,
dev_timecourse_series,25853487,ERR424770,PRJEB5314,ERS399955,SAMEA2729887,root_Z10_rep1,44,Triticum aestivum,CS,wt,wt,,10,Germination,Seedling,root,root,control,unknown,unknown,4,AMPure_XP_bead,unknown,unknown,unknown,France_Genoscope,France_Genoscope,Illumina HiSeq 2000,paired,PO:0007112,PO:0007049,PO:0009005,Pmid 25035497 as well,
dev_timecourse_series,25853487,ERR424772,PRJEB5314,ERS399943,SAMEA2342259,leaf_Z23_rep2,42,Triticum aestivum,CS,wt,wt,,23,Tillering,Vegetative,leaf,leaf,control,unknown,unknown,4,AMPure_XP_bead,unknown,unknown,unknown,France_Genoscope,France_Genoscope,Illumina HiSeq 2000,paired,PO:0007073,PO:0007080,PO:0006339,Pmid 25035497 as well,
dev_timecourse_series,25853487,ERR424774,PRJEB5314,ERS399945,SAMEA2342261,leaf_Z23_rep1,42,Triticum aestivum,CS,wt,wt,,23,Tillering,Vegetative,leaf,leaf,control,unknown,unknown,4,AMPure_XP_bead,unknown,unknown,unknown,France_Genoscope,France_Genoscope,Illumina HiSeq 2000,paired,PO:0007073,PO:0007080,PO:0006339,Pmid 25035497 as well,
dev_timecourse_series,25853487,ERR424775,PRJEB5314,ERS399936,SAMEA2342252,spike_Z32_rep1,47,Triticum aestivum,CS,wt,wt,,32,Stem_elongation,Reproductive,spike,inflorescence,control,unknown,unknown,4,AMPure_XP_bead,unknown,unknown,unknown,France_Genoscope,France_Genoscope,Illumina HiSeq 2000,paired,PO:0007089,PO:0007117,PO:0030117,Pmid 25035497 as well,
dev_timecourse_series,25853487,ERR424776,PRJEB5314,ERS399931,SAMEA2342247,grain_Z75_rep1,39,Triticum aestivum,CS,wt,wt,,75,Seed_development,Grain_development,grain,grain,control,unknown,unknown,4,AMPure_XP_bead,unknown,unknown,unknown,France_Genoscope,France_Genoscope,Illumina HiSeq 2000,paired,PO:0007027,PO:0007027,PO:0030104,Pmid 25035497 as well,
dev_timecourse_series,25853487,ERR424777,PRJEB5314,ERS399930,SAMEA2342246,root_Z10_rep2,44,Triticum aestivum,CS,wt,wt,,10,Germination,Seedling,root,root,control,unknown,unknown,4,AMPure_XP_bead,unknown,unknown,unknown,France_Genoscope,France_Genoscope,Illumina HiSeq 2000,paired,PO:0007112,PO:0007049,PO:0009005,Pmid 25035497 as well,
transcriptfc_q_mutant,31778224,CRR078059,CRA002035,,SAMC111102,BW1_1,53,Triticum aestivum,Bobwhite,wt,BW-Q,Waddington 5.5,38,Floret_development,Reproductive,spike,inflorescence,control,Rneasy_plant_minikit,unknown,unknown,unknown,greenhouse,16_8,21,China,China,Illumina HiSeq 2000,single,PO:0007047,PO:0007048,PO:0030117,this dataset seems to be single read!!!!,
transcriptfc_q_mutant,31778224,CRR078085,CRA002035,,SAMC111128,BWq1_3,56,Triticum aestivum,Bobwhite,mut,BW-q,Waddington 5.5,38,Floret_development,Reproductive,spike,inflorescence,mutant,Rneasy_plant_minikit,unknown,unknown,unknown,greenhouse,16_8,21,China,China,Illumina HiSeq 2000,single,PO:0007047,PO:0007048,PO:0030117,early heading,
transcriptfc_q_mutant,31778224,CRR078084,CRA002035,,SAMC111127,BWM3_1,61,Triticum aestivum,Bobwhite,mut,BW-Qmut,Waddington 9.0,40,Floret_development,Reproductive,spike,inflorescence,mutant,Rneasy_plant_minikit,unknown,unknown,unknown,greenhouse,16_8,21,China,China,Illumina HiSeq 2000,single,PO:0007026,PO:0007026,PO:0030117,,
transcriptfc_q_mutant,31778224,CRR078083,CRA002035,,SAMC111126,BWM2_1,60,Triticum aestivum,Bobwhite,mut,BW-Qmut,Waddington 7.5,39,Floret_development,Reproductive,spike,inflorescence,mutant,Rneasy_plant_minikit,unknown,unknown,unknown,greenhouse,16_8,21,China,China,Illumina HiSeq 2000,single,PO:0007047,PO:0007002,PO:0030117,,
transcriptfc_q_mutant,31778224,CRR078082,CRA002035,,SAMC111125,BW2_1,54,Triticum aestivum,Bobwhite,wt,BW-Q,Waddington 7.5,39,Floret_development,Reproductive,spike,inflorescence,control,Rneasy_plant_minikit,unknown,unknown,unknown,greenhouse,16_8,21,China,China,Illumina HiSeq 2000,single,PO:0007047,PO:0007002,PO:0030117,,
transcriptfc_q_mutant,31778224,CRR078081,CRA002035,,SAMC111124,BWq3_3,58,Triticum aestivum,Bobwhite,mut,BW-q,Waddington 9.0,40,Floret_development,Reproductive,spike,inflorescence,mutant,Rneasy_plant_minikit,unknown,unknown,unknown,greenhouse,16_8,21,China,China,Illumina HiSeq 2000,single,PO:0007026,PO:0007026,PO:0030117,early heading,
transcriptfc_q_mutant,31778224,CRR078080,CRA002035,,SAMC111123,BWq3_2,58,Triticum aestivum,Bobwhite,mut,BW-q,Waddington 9.0,40,Floret_development,Reproductive,spike,inflorescence,mutant,Rneasy_plant_minikit,unknown,unknown,unknown,greenhouse,16_8,21,China,China,Illumina HiSeq 2000,single,PO:0007026,PO:0007026,PO:0030117,early heading,
transcriptfc_q_mutant,31778224,CRR078079,CRA002035,,SAMC111122,BWq3_1,58,Triticum aestivum,Bobwhite,mut,BW-q,Waddington 9.0,40,Floret_development,Reproductive,spike,inflorescence,mutant,Rneasy_plant_minikit,unknown,unknown,unknown,greenhouse,16_8,21,China,China,Illumina HiSeq 2000,single,PO:0007026,PO:0007026,PO:0030117,early heading,
transcriptfc_q_mutant,31778224,CRR078078,CRA002035,,SAMC111121,BWq2_3,57,Triticum aestivum,Bobwhite,mut,BW-q,Waddington 7.5,39,Floret_development,Reproductive,spike,inflorescence,mutant,Rneasy_plant_minikit,unknown,unknown,unknown,greenhouse,16_8,21,China,China,Illumina HiSeq 2000,single,PO:0007047,PO:0007002,PO:0030117,early heading,
transcriptfc_q_mutant,31778224,CRR078077,CRA002035,,SAMC111120,BWq2_2,57,Triticum aestivum,Bobwhite,mut,BW-q,Waddington 7.5,39,Floret_development,Reproductive,spike,inflorescence,mutant,Rneasy_plant_minikit,unknown,unknown,unknown,greenhouse,16_8,21,China,China,Illumina HiSeq 2000,single,PO:0007047,PO:0007002,PO:0030117,early heading,
transcriptfc_q_mutant,31778224,CRR078076,CRA002035,,SAMC111119,BWq2_1,57,Triticum aestivum,Bobwhite,mut,BW-q,Waddington 7.5,39,Floret_development,Reproductive,spike,inflorescence,mutant,Rneasy_plant_minikit,unknown,unknown,unknown,greenhouse,16_8,21,China,China,Illumina HiSeq 2000,single,PO:0007047,PO:0007002,PO:0030117,early heading,
transcriptfc_q_mutant,31778224,CRR078075,CRA002035,,SAMC111118,BWq1_2,56,Triticum aestivum,Bobwhite,mut,BW-q,Waddington 5.5,38,Floret_development,Reproductive,spike,inflorescence,mutant,Rneasy_plant_minikit,unknown,unknown,unknown,greenhouse,16_8,21,China,China,Illumina HiSeq 2000,single,PO:0007047,PO:0007048,PO:0030117,early heading,
transcriptfc_q_mutant,31778224,CRR078074,CRA002035,,SAMC111117,BWq1_1,56,Triticum aestivum,Bobwhite,mut,BW-q,Waddington 5.5,38,Floret_development,Reproductive,spike,inflorescence,mutant,Rneasy_plant_minikit,unknown,unknown,unknown,greenhouse,16_8,21,China,China,Illumina HiSeq 2000,single,PO:0007047,PO:0007048,PO:0030117,early heading,
transcriptfc_q_mutant,31778224,CRR078073,CRA002035,,SAMC111116,BWM3_3,61,Triticum aestivum,Bobwhite,mut,BW-Qmut,Waddington 9.0,40,Floret_development,Reproductive,spike,inflorescence,mutant,Rneasy_plant_minikit,unknown,unknown,unknown,greenhouse,16_8,21,China,China,Illumina HiSeq 2000,single,PO:0007026,PO:0007026,PO:0030117,,
transcriptfc_q_mutant,31778224,CRR078072,CRA002035,,SAMC111115,BWM3_2,61,Triticum aestivum,Bobwhite,mut,BW-Qmut,Waddington 9.0,40,Floret_development,Reproductive,spike,inflorescence,mutant,Rneasy_plant_minikit,unknown,unknown,unknown,greenhouse,16_8,21,China,China,Illumina HiSeq 2000,single,PO:0007026,PO:0007026,PO:0030117,,
transcriptfc_q_mutant,31778224,CRR078071,CRA002035,,SAMC111114,BWM2_3,60,Triticum aestivum,Bobwhite,mut,BW-Qmut,Waddington 7.5,39,Floret_development,Reproductive,spike,inflorescence,mutant,Rneasy_plant_minikit,unknown,unknown,unknown,greenhouse,16_8,21,China,China,Illumina HiSeq 2000,single,PO:0007047,PO:0007002,PO:0030117,,
transcriptfc_q_mutant,31778224,CRR078070,CRA002035,,SAMC111113,BWM2_2,60,Triticum aestivum,Bobwhite,mut,BW-Qmut,Waddington 7.5,39,Floret_development,Reproductive,spike,inflorescence,mutant,Rneasy_plant_minikit,unknown,unknown,unknown,greenhouse,16_8,21,China,China,Illumina HiSeq 2000,single,PO:0007047,PO:0007002,PO:0030117,,
transcriptfc_q_mutant,31778224,CRR078069,CRA002035,,SAMC111112,BWM1_3,59,Triticum aestivum,Bobwhite,mut,BW-Qmut,Waddington 5.5,38,Floret_development,Reproductive,spike,inflorescence,mutant,Rneasy_plant_minikit,unknown,unknown,unknown,greenhouse,16_8,21,China,China,Illumina HiSeq 2000,single,PO:0007047,PO:0007048,PO:0030117,,
transcriptfc_q_mutant,31778224,CRR078068,CRA002035,,SAMC111111,BWM1_2,59,Triticum aestivum,Bobwhite,mut,BW-Qmut,Waddington 5.5,38,Floret_development,Reproductive,spike,inflorescence,mutant,Rneasy_plant_minikit,unknown,unknown,unknown,greenhouse,16_8,21,China,China,Illumina HiSeq 2000,single,PO:0007047,PO:0007048,PO:0030117,,
transcriptfc_q_mutant,31778224,CRR078067,CRA002035,,SAMC111110,BWM1_1,59,Triticum aestivum,Bobwhite,mut,BW-Qmut,Waddington 5.5,38,Floret_development,Reproductive,spike,inflorescence,mutant,Rneasy_plant_minikit,unknown,unknown,unknown,greenhouse,16_8,21,China,China,Illumina HiSeq 2000,single,PO:0007047,PO:0007048,PO:0030117,,
transcriptfc_q_mutant,31778224,CRR078066,CRA002035,,SAMC111109,BW3_3,55,Triticum aestivum,Bobwhite,wt,BW-Q,Waddington 9.0,40,Floret_development,Reproductive,spike,inflorescence,control,Rneasy_plant_minikit,unknown,unknown,unknown,greenhouse,16_8,21,China,China,Illumina HiSeq 2000,single,PO:0007026,PO:0007026,PO:0030117,,
transcriptfc_q_mutant,31778224,CRR078065,CRA002035,,SAMC111108,BW3_2,55,Triticum aestivum,Bobwhite,wt,BW-Q,Waddington 9.0,40,Floret_development,Reproductive,spike,inflorescence,control,Rneasy_plant_minikit,unknown,unknown,unknown,greenhouse,16_8,21,China,China,Illumina HiSeq 2000,single,PO:0007026,PO:0007026,PO:0030117,,
transcriptfc_q_mutant,31778224,CRR078064,CRA002035,,SAMC111107,BW3_1,55,Triticum aestivum,Bobwhite,wt,BW-Q,Waddington 9.0,40,Floret_development,Reproductive,spike,inflorescence,control,Rneasy_plant_minikit,unknown,unknown,unknown,greenhouse,16_8,21,China,China,Illumina HiSeq 2000,single,PO:0007026,PO:0007026,PO:0030117,,
transcriptfc_q_mutant,31778224,CRR078063,CRA002035,,SAMC111106,BW2_3,54,Triticum aestivum,Bobwhite,wt,BW-Q,Waddington 7.5,39,Floret_development,Reproductive,spike,inflorescence,control,Rneasy_plant_minikit,unknown,unknown,unknown,greenhouse,16_8,21,China,China,Illumina HiSeq 2000,single,PO:0007047,PO:0007002,PO:0030117,,
transcriptfc_q_mutant,31778224,CRR078062,CRA002035,,SAMC111105,BW2_2,54,Triticum aestivum,Bobwhite,wt,BW-Q,Waddington 7.5,39,Floret_development,Reproductive,spike,inflorescence,control,Rneasy_plant_minikit,unknown,unknown,unknown,greenhouse,16_8,21,China,China,Illumina HiSeq 2000,single,PO:0007047,PO:0007002,PO:0030117,,
transcriptfc_q_mutant,31778224,CRR078061,CRA002035,,SAMC111104,BW1_3,53,Triticum aestivum,Bobwhite,wt,BW-Q,Waddington 5.5,38,Floret_development,Reproductive,spike,inflorescence,control,Rneasy_plant_minikit,unknown,unknown,unknown,greenhouse,16_8,21,China,China,Illumina HiSeq 2000,single,PO:0007047,PO:0007048,PO:0030117,,
transcriptfc_q_mutant,31778224,CRR078060,CRA002035,,SAMC111103,BW1_2,53,Triticum aestivum,Bobwhite,wt,BW-Q,Waddington 5.5,38,Floret_development,Reproductive,spike,inflorescence,control,Rneasy_plant_minikit,unknown,unknown,unknown,greenhouse,16_8,21,China,China,Illumina HiSeq 2000,single,PO:0007047,PO:0007048,PO:0030117,,
early_spike_dev,30337587,SRR3659902,PRJNA325489,SRS1498180,SAMN05234050,KNVI rep2,62,Triticum aestivum,KN9204,wt,wt,floret differentiation stage,17,Leaf_development,Vegetative,spike,inflorescence,control,Rneasy_plant_minikit,unknown,unknown,unknown,incubator,16_8,22,China,China,Illumina HiSeq 2000,paired,PO:0007047,PO:0007025,PO:0030117,,
early_spike_dev,30337587,SRR3659901,PRJNA325489,SRS1498179,SAMN05234049,KNVI rep1,62,Triticum aestivum,KN9204,wt,wt,floret differentiation stage,17,Leaf_development,Vegetative,spike,inflorescence,control,Rneasy_plant_minikit,unknown,unknown,unknown,incubator,16_8,22,China,China,Illumina HiSeq 2000,paired,PO:0007047,PO:0007025,PO:0030117,,
early_spike_dev,30337587,SRR3659900,PRJNA325489,SRS1498178,SAMN05234060,KNV rep2,63,Triticum aestivum,KN9204,wt,wt,glume primordium differentiation stage,19,Leaf_development,Vegetative,spike,inflorescence,control,Rneasy_plant_minikit,unknown,unknown,unknown,incubator,16_8,22,China,China,Illumina HiSeq 2000,paired,PO:0007014,PO:0007028,PO:0030117,,
early_spike_dev,30337587,SRR3659899,PRJNA325489,SRS1498177 ,SAMN05234059,KNV rep1,63,Triticum aestivum,KN9204,wt,wt,glume primordium differentiation stage,19,Leaf_development,Vegetative,spike,inflorescence,control,Rneasy_plant_minikit,unknown,unknown,unknown,incubator,16_8,22,China,China,Illumina HiSeq 2000,paired,PO:0007014,PO:0007028,PO:0030117,,
early_spike_dev,30337587,SRR3659898,PRJNA325489,SRS1498176,SAMN05234058 ,KNIV rep2,64,Triticum aestivum,KN9204,wt,wt,double ridge stage,16,Leaf_development,Vegetative,spike,inflorescence,control,Rneasy_plant_minikit,unknown,unknown,unknown,incubator,16_8,22,China,China,Illumina HiSeq 2000,paired,PO:0007014,PO:0007019,PO:0030117,,
early_spike_dev,30337587,SRR3659897,PRJNA325489,SRS1498175,SAMN05234057,KNIV rep1,64,Triticum aestivum,KN9204,wt,wt,double ridge stage,16,Leaf_development,Vegetative,spike,inflorescence,control,Rneasy_plant_minikit,unknown,unknown,unknown,incubator,16_8,22,China,China,Illumina HiSeq 2000,paired,PO:0007014,PO:0007019,PO:0030117,,
early_spike_dev,30337587,SRR3659896,PRJNA325489,SRS1498174,SAMN05234056,KNIII rep2,65,Triticum aestivum,KN9204,wt,wt,single ridge stage,13,Leaf_development,Vegetative,spike,inflorescence,control,Rneasy_plant_minikit,unknown,unknown,unknown,incubator,16_8,22,China,China,Illumina HiSeq 2000,paired,PO:0007014,PO:0007028,PO:0030117,,
early_spike_dev,30337587,SRR3659895,PRJNA325489,SRS1498173,SAMN05234055,KNIII rep1,65,Triticum aestivum,KN9204,wt,wt,single ridge stage,13,Leaf_development,Vegetative,spike,inflorescence,control,Rneasy_plant_minikit,unknown,unknown,unknown,incubator,16_8,22,China,China,Illumina HiSeq 2000,paired,PO:0007014,PO:0007028,PO:0030117,,
early_spike_dev,30337587,SRR3659894,PRJNA325489,SRS1498172,SAMN05234054,KNII rep2,66,Triticum aestivum,KN9204,wt,wt,elongation stage,21,Tillering,Vegetative,spike,inflorescence,control,Rneasy_plant_minikit,unknown,unknown,unknown,incubator,16_8,22,China,China,Illumina HiSeq 2000,paired,PO:0007014,PO:0007044,PO:0030117,,
early_spike_dev,30337587,SRR3659893,PRJNA325489,SRS1498171,SAMN05234053 ,KNII rep1,66,Triticum aestivum,KN9204,wt,wt,elongation stage,21,Tillering,Vegetative,spike,inflorescence,control,Rneasy_plant_minikit,unknown,unknown,unknown,incubator,16_8,22,China,China,Illumina HiSeq 2000,paired,PO:0007014,PO:0007044,PO:0030117,,
early_spike_dev,30337587,SRR3659892,PRJNA325489,SRS1498170 ,SAMN05234052,KNI rep2,67,Triticum aestivum,KN9204,wt,wt,vegetative stage,12,Leaf_development,Vegetative,spike,inflorescence,control,Rneasy_plant_minikit,unknown,unknown,unknown,incubator,16_8,22,China,China,Illumina HiSeq 2000,paired,PO:0007014,PO:0007018,PO:0030117,,
early_spike_dev,30337587,SRR3659891,PRJNA325489,SRS1498169,SAMN05234051,KNI rep1,67,Triticum aestivum,KN9204,wt,wt,vegetative stage,12,Leaf_development,Vegetative,spike,inflorescence,control,Rneasy_plant_minikit,unknown,unknown,unknown,incubator,16_8,22,China,China,Illumina HiSeq 2000,paired,PO:0007014,PO:0007018,PO:0030117,,
inflorescence_dev,28515146,SRR5464524,PRJNA383677,SRS2136968,SAMN06771185,TS replicate 2,68,Triticum aestivum,CS,wt,wt,"TS young floret stage, when the styles have just emerged from the pistils",37,Floret_development,Reproductive,spike,inflorescence,control,trizol,unknown,unknown,NEBNext_ultra_rna_libprepkit_forillumina,field,natural,natural,China_Beijing,China,Illumina HiSeq 2000,single,PO:0007047,PO:0007002,PO:0030117,floral organs experienced differentiation and development with the completion of pollen mother cells and the formation of tetrads flag leaf about 3 cm above the penultimate leaf,
inflorescence_dev,28515146,SRR5464523,PRJNA383677,SRS2136967,SAMN06771184,TS replicate 1,68,Triticum aestivum,CS,wt,wt,"TS young floret stage, when the styles have just emerged from the pistils",37,Floret_development,Reproductive,spike,inflorescence,control,trizol,unknown,unknown,NEBNext_ultra_rna_libprepkit_forillumina,field,natural,natural,China_Beijing,China,Illumina HiSeq 2000,single,PO:0007047,PO:0007002,PO:0030117,floral organs experienced differentiation and development with the completion of pollen mother cells and the formation of tetrads flag leaf about 3 cm above the penultimate leaf,
inflorescence_dev,28515146,SRR5464520,PRJNA383677,SRS2136965 ,SAMN06771183,AM replicate 2,69,Triticum aestivum,CS,wt,wt,AM anther primordia stage,23,Tillering,Vegetative,spike,inflorescence,control,trizol,unknown,unknown,NEBNext_ultra_rna_libprepkit_forillumina,field,natural,natural,China_Beijing,China,Illumina HiSeq 2000,single,PO:0007047,PO:0007048,PO:0030117,"third stem internode began to extend, and anther primordia were formed and the plant were ready to enter the booting stage",
inflorescence_dev,28515146,SRR5464519,PRJNA383677,SRS2136961,SAMN06771182,AM replicate 1,69,Triticum aestivum,CS,wt,wt,AM anther primordia stage,23,Tillering,Vegetative,spike,inflorescence,control,trizol,unknown,unknown,NEBNext_ultra_rna_libprepkit_forillumina,field,natural,natural,China_Beijing,China,Illumina HiSeq 2000,single,PO:0007047,PO:0007048,PO:0030117,"third stem internode began to extend, and anther primordia were formed and the plant were ready to enter the booting stage",
inflorescence_dev,28515146,SRR5464518,PRJNA383677,SRS2136960,SAMN06771181,FM replicate 2,70,Triticum aestivum,CS,wt,wt,FM floret meristem stage,17,Leaf_development,Vegetative,spike,inflorescence,control,trizol,unknown,unknown,NEBNext_ultra_rna_libprepkit_forillumina,field,natural,natural,China_Beijing,China,Illumina HiSeq 2000,single,PO:0007047,PO:0007025,PO:0030117,emergence of the second node and floret meristems,
inflorescence_dev,28515146,SRR5464515,PRJNA383677,SRS2136953 ,SAMN06771180,FM replicate 1,70,Triticum aestivum,CS,wt,wt,FM floret meristem stage,17,Leaf_development,Vegetative,spike,inflorescence,control,trizol,unknown,unknown,NEBNext_ultra_rna_libprepkit_forillumina,field,natural,natural,China_Beijing,China,Illumina HiSeq 2000,single,PO:0007047,PO:0007025,PO:0030117,emergence of the second node and floret meristems,
inflorescence_dev,28515146,SRR5464508,PRJNA383677,SRS2136952,SAMN06771179,DR replicate 2,71,Triticum aestivum,CS,wt,wt,DR double ridge/spikelet meristem stage,16,Leaf_development,Vegetative,spike,inflorescence,control,trizol,unknown,unknown,NEBNext_ultra_rna_libprepkit_forillumina,field,natural,natural,China_Beijing,China,Illumina HiSeq 2000,single,PO:0007014,PO:0007019,PO:0030117,when wheat plants had five leaves and the first node of stem was visible,
inflorescence_dev,28515146,SRR5464507,PRJNA383677,SRS2135351 ,SAMN06771178,DR replicate 1,71,Triticum aestivum,CS,wt,wt,DR double ridge/spikelet meristem stage,16,Leaf_development,Vegetative,spike,inflorescence,control,trizol,unknown,unknown,NEBNext_ultra_rna_libprepkit_forillumina,field,natural,natural,China_Beijing,China,Illumina HiSeq 2000,single,PO:0007014,PO:0007019,PO:0030117,when wheat plants had five leaves and the first node of stem was visible,
awn_dev,31469444,SRR9025697,PRJNA541573,SRS4732960,SAMN11588070,S00B9DF,72,Triticum aestivum,Bobwhite,wt,BW7933_3,stem elongation,36,Stem_elongation,Reproductive,spike,inflorescence,B1 overexpression,unknown,unknown,unknown,unknown,greenhouse,16_8,22_18,Canada_Saskatchewan,Canada_Saskatchewan,Illumina HiSeq 2500,paired,PO:0007047,PO:0007023,PO:0030117,awned,
awn_dev,31469444,SRR9025698,PRJNA541573,SRS4732959,SAMN11588071,S00B9E0,72,Triticum aestivum,Bobwhite,wt,BW7933_4,stem elongation,36,Stem_elongation,Reproductive,spike,inflorescence,B1 overexpression,unknown,unknown,unknown,unknown,greenhouse,16_8,22_18,Canada_Saskatchewan,Canada_Saskatchewan,Illumina HiSeq 2500,paired,PO:0007047,PO:0007023,PO:0030117,awned,
awn_dev,31469444,SRR9025699,PRJNA541573,SRS4732958,SAMN11588068,S00B9DD,72,Triticum aestivum,Bobwhite,wt,BW7933_1,stem elongation,36,Stem_elongation,Reproductive,spike,inflorescence,B1 overexpression,unknown,unknown,unknown,unknown,greenhouse,16_8,22_18,Canada_Saskatchewan,Canada_Saskatchewan,Illumina HiSeq 2500,paired,PO:0007047,PO:0007023,PO:0030117,awned,
awn_dev,31469444,SRR9025700,PRJNA541573,SRS4732957,SAMN11588069,S00B9DE,73,Triticum aestivum,Bobwhite,mut,BW7933_2,stem elongation,36,Stem_elongation,Reproductive,spike,inflorescence,B1 overexpression,unknown,unknown,unknown,unknown,greenhouse,16_8,22_18,Canada_Saskatchewan,Canada_Saskatchewan,Illumina HiSeq 2500,paired,PO:0007047,PO:0007023,PO:0030117,awnleted,
awn_dev,31469444,SRR9025701,PRJNA541573,SRS4732956,SAMN11588064,S00B9D5,73,Triticum aestivum,Bobwhite,mut,BW_8059,stem elongation,36,Stem_elongation,Reproductive,spike,inflorescence,B1 overexpression,unknown,unknown,unknown,unknown,greenhouse,16_8,22_18,Canada_Saskatchewan,Canada_Saskatchewan,Illumina HiSeq 2500,paired,PO:0007047,PO:0007023,PO:0030117,awnleted,
awn_dev,31469444,SRR9025702,PRJNA541573,SRS4732955,SAMN11588065,S00B9D6,73,Triticum aestivum,Bobwhite,mut,BW_8060,stem elongation,36,Stem_elongation,Reproductive,spike,inflorescence,B1 overexpression,unknown,unknown,unknown,unknown,greenhouse,16_8,22_18,Canada_Saskatchewan,Canada_Saskatchewan,Illumina HiSeq 2500,paired,PO:0007047,PO:0007023,PO:0030117,awnleted,
awn_dev,31469444,SRR9025709,PRJNA541573,SRS4732948,SAMN11588066,S00B9D8,73,Triticum aestivum,Bobwhite,mut,BW_8158,stem elongation,36,Stem_elongation,Reproductive,spike,inflorescence,B1 overexpression,unknown,unknown,unknown,unknown,greenhouse,16_8,22_18,Canada_Saskatchewan,Canada_Saskatchewan,Illumina HiSeq 2500,paired,PO:0007047,PO:0007023,PO:0030117,awnleted,
awn_dev,31469444,SRR9025710,PRJNA541573,SRS4732947,SAMN11588067,S00B9DA,72,Triticum aestivum,Bobwhite,wt,BW,stem elongation,36,Stem_elongation,Reproductive,spike,inflorescence,control,unknown,unknown,unknown,unknown,greenhouse,16_8,22_18,Canada_Saskatchewan,Canada_Saskatchewan,Illumina HiSeq 2500,paired,PO:0007047,PO:0007023,PO:0030117,awned,
awn_dev,31469444,SRR9025720,PRJNA541573,SRS4732936,SAMN11588072,S00B9E1,73,Triticum aestivum,Bobwhite,mut,BW7933_5,stem elongation,36,Stem_elongation,Reproductive,spike,inflorescence,B1 overexpression,unknown,unknown,unknown,unknown,greenhouse,16_8,22_18,Canada_Saskatchewan,Canada_Saskatchewan,Illumina HiSeq 2500,paired,PO:0007047,PO:0007023,PO:0030117,awnleted,
ms2_isogenic_lines,1,SRR4734843,PRJNA351906,,SAMN05957991,Wheat_MS2_P_Repetition2,74,Triticum aestivum,Lumai15,mut,RhtD1cMs2,S2 stage (Zadoks 41),41,Booting,Reproductive,pistil,inflorescence,mutant,trizol,unknown,unknown,unknown,greenhouse,16_8,22_15,China_Shandong_University,China_Shandong_University,Illumina HiSeq 2500,paired,PO:0007014,PO:0007018,PO:0009062,,
ms2_isogenic_lines,1,SRR4734844,PRJNA351906,,SAMN05957991,Wheat_MS2_P_Repetition1,74,Triticum aestivum,Lumai15,mut,RhtD1cMs2,S2 stage (Zadoks 41),41,Booting,Reproductive,pistil,inflorescence,mutant,trizol,unknown,unknown,unknown,greenhouse,16_8,22_15,China_Shandong_University,China_Shandong_University,Illumina HiSeq 2500,paired,PO:0007014,PO:0007018,PO:0009062,,
ms2_isogenic_lines,1,SRR4734845,PRJNA351906,,SAMN05957992,Wheat_MS2_SA_Repetition3,75,Triticum aestivum,Lumai15,wt,wt,S2 stage (Zadoks 41),41,Booting,Reproductive,anther,inflorescence,control,trizol,unknown,unknown,unknown,greenhouse,16_8,22_15,China_Shandong_University,China_Shandong_University,Illumina HiSeq 2500,paired,PO:0007014,PO:0007018,PO:0009066,sterile anthers,
ms2_isogenic_lines,1,SRR4734846,PRJNA351906,,SAMN05957992,Wheat_MS2_SA_Repetition2,75,Triticum aestivum,Lumai15,wt,wt,S2 stage (Zadoks 41),41,Booting,Reproductive,anther,inflorescence,control,trizol,unknown,unknown,unknown,greenhouse,16_8,22_15,China_Shandong_University,China_Shandong_University,Illumina HiSeq 2500,paired,PO:0007014,PO:0007018,PO:0009066,sterile anthers,
ms2_isogenic_lines,1,SRR4734847,PRJNA351906,,SAMN05957990,Wheat_MS2_L_Repetition1,76,Triticum aestivum,Lumai15,mut,RhtD1cMs2,S2 stage (Zadoks 41),41,Booting,Reproductive,flag,leaf,mutant,trizol,unknown,unknown,unknown,greenhouse,16_8,22_15,China_Shandong_University,China_Shandong_University,Illumina HiSeq 2500,paired,PO:0007014,PO:0007018,PO:0020103,,
ms2_isogenic_lines,1,SRR4734848,PRJNA351906,,SAMN05957989,Wheat_MS2_FA_Repetition3,77,Triticum aestivum,Lumai15,wt,wt,S2 stage (Zadoks 41),41,Booting,Reproductive,anther,inflorescence,control,trizol,unknown,unknown,unknown,greenhouse,16_8,22_15,China_Shandong_University,China_Shandong_University,Illumina HiSeq 2500,paired,PO:0007014,PO:0007018,PO:0009066,fertile anthers,
ms2_isogenic_lines,1,SRR4734849,PRJNA351906,,SAMN05957989,Wheat_MS2_FA_Repetition2,77,Triticum aestivum,Lumai15,wt,wt,S2 stage (Zadoks 41),41,Booting,Reproductive,anther,inflorescence,control,trizol,unknown,unknown,unknown,greenhouse,16_8,22_15,China_Shandong_University,China_Shandong_University,Illumina HiSeq 2500,paired,PO:0007014,PO:0007018,PO:0009066,fertile anthers,
ms2_isogenic_lines,1,SRR4734850,PRJNA351906,,SAMN05957989,Wheat_MS2_FA_Repetition1,77,Triticum aestivum,Lumai15,wt,wt,S2 stage (Zadoks 41),41,Booting,Reproductive,anther,inflorescence,control,trizol,unknown,unknown,unknown,greenhouse,16_8,22_15,China_Shandong_University,China_Shandong_University,Illumina HiSeq 2500,paired,PO:0007014,PO:0007018,PO:0009066,fertile anthers,
ms2_isogenic_lines,1,SRR4734851,PRJNA351906,,SAMN05957990,Wheat_MS2_L_Repetition3,76,Triticum aestivum,Lumai15,mut,RhtD1cMs2,S2 stage (Zadoks 41),41,Booting,Reproductive,flag,leaf,mutant,trizol,unknown,unknown,unknown,greenhouse,16_8,22_15,China_Shandong_University,China_Shandong_University,Illumina HiSeq 2500,paired,PO:0007014,PO:0007018,PO:0020103,,
ms2_isogenic_lines,1,SRR4734852,PRJNA351906,,SAMN05957992,Wheat_MS2_SA_Repetition1,75,Triticum aestivum,Lumai15,wt,wt,S2 stage (Zadoks 41),41,Booting,Reproductive,anther,inflorescence,control,trizol,unknown,unknown,unknown,greenhouse,16_8,22_15,China_Shandong_University,China_Shandong_University,Illumina HiSeq 2500,paired,PO:0007014,PO:0007018,PO:0009066,sterile anthers,
ms2_isogenic_lines,1,SRR4734853,PRJNA351906,,SAMN05957991,Wheat_MS2_P_Repetition3,74,Triticum aestivum,Lumai15,mut,RhtD1cMs2,S2 stage (Zadoks 41),41,Booting,Reproductive,pistil,inflorescence,mutant,trizol,unknown,unknown,unknown,greenhouse,16_8,22_15,China_Shandong_University,China_Shandong_University,Illumina HiSeq 2500,paired,PO:0007014,PO:0007018,PO:0009062,,
ms2_isogenic_lines,1,SRR4734854,PRJNA351906,,SAMN05957990,Wheat_MS2_L_Repetition2,76,Triticum aestivum,Lumai15,mut,RhtD1cMs2,S2 stage (Zadoks 41),41,Booting,Reproductive,flag,leaf,mutant,trizol,unknown,unknown,unknown,greenhouse,16_8,22_15,China_Shandong_University,China_Shandong_University,Illumina HiSeq 2500,paired,PO:0007014,PO:0007018,PO:0020103,,
cleistogamous_wheat,2,SRR7876211,PRJNA491844,,SAMN10091214,ZK01-1,78,Triticum aestivum,ZK001,mut,ZK001,Green anther stage,39,Floret_development,Reproductive,spike,inflorescence,mutant,PlantRNAkit_Omega,polyToligo_bead,unknown,unknown,greenhouse,16_8,controlled,China_Hefei,China_Shenzhen,Illumina HiSeq 2000,paired,PO:0007047,PO:0007008,PO:0030117,"Cleistogamy, spikelet",
cleistogamous_wheat,2,SRR7876212,PRJNA491844,,SAMN10091213,WT-3,79,Triticum aestivum,Yumai 18,wt,wt,Green anther stage,39,Floret_development,Reproductive,spike,inflorescence,control,PlantRNAkit_Omega,polyToligo_bead,unknown,unknown,greenhouse,16_8,controlled,China_Hefei,China_Shenzhen,Illumina HiSeq 2000,paired,PO:0007047,PO:0007008,PO:0030117,"Chasmogamy, spikelet",
cleistogamous_wheat,2,SRR7876213,PRJNA491844,,SAMN10091213,WT-2,79,Triticum aestivum,Yumai 18,wt,wt,Green anther stage,39,Floret_development,Reproductive,spike,inflorescence,control,PlantRNAkit_Omega,polyToligo_bead,unknown,unknown,greenhouse,16_8,controlled,China_Hefei,China_Shenzhen,Illumina HiSeq 2000,paired,PO:0007047,PO:0007008,PO:0030117,"Chasmogamy, spikelet",
cleistogamous_wheat,2,SRR7876214,PRJNA491844,,SAMN10091213,WT-1,79,Triticum aestivum,Yumai 18,wt,wt,Green anther stage,39,Floret_development,Reproductive,spike,inflorescence,control,PlantRNAkit_Omega,polyToligo_bead,unknown,unknown,greenhouse,16_8,controlled,China_Hefei,China_Shenzhen,Illumina HiSeq 2000,paired,PO:0007047,PO:0007008,PO:0030117,"Chasmogamy, spikelet",
cleistogamous_wheat,2,SRR7876215,PRJNA491844,,SAMN10091214,ZK01-3,78,Triticum aestivum,ZK001,mut,ZK001,Green anther stage,39,Floret_development,Reproductive,spike,inflorescence,mutant,PlantRNAkit_Omega,polyToligo_bead,unknown,unknown,greenhouse,16_8,controlled,China_Hefei,China_Shenzhen,Illumina HiSeq 2000,paired,PO:0007047,PO:0007008,PO:0030117,"Cleistogamy, spikelet",
cleistogamous_wheat,2,SRR7876216,PRJNA491844,,SAMN10091214,ZK01-2,78,Triticum aestivum,ZK001,mut,ZK001,Green anther stage,39,Floret_development,Reproductive,spike,inflorescence,mutant,PlantRNAkit_Omega,polyToligo_bead,unknown,unknown,greenhouse,16_8,controlled,China_Hefei,China_Shenzhen,Illumina HiSeq 2000,paired,PO:0007047,PO:0007008,PO:0030117,"Cleistogamy, spikelet",
ms1_line,29109252,SRR5860104,PRJNA395401,,SAMN07405625,RNA-seq mut-ms1 replicate2,80,Triticum aestivum,Ningchun4,mut,ms1,meiosis and uninuclear stage,50,Heading,Reproductive,anther,inflorescence,mutant,PlantRNAkit_Qiagen,unknown,10,unknown,greenhouse,16_8,22_15,China_Beijing,China_Peking_University,Illumina HiSeq 2000,paired,PO:0007047,PO:0007048,PO:0009066,male steril,
ms1_line,29109252,SRR5860105,PRJNA395401,,SAMN07405623,RNA-seq mut-ms1 replicate1,80,Triticum aestivum,Ningchun4,mut,ms1,meiosis and uninuclear stage,50,Heading,Reproductive,anther,inflorescence,mutant,PlantRNAkit_Qiagen,unknown,10,unknown,greenhouse,16_8,22_15,China_Beijing,China_Peking_University,Illumina HiSeq 2000,paired,PO:0007047,PO:0007048,PO:0009066,male steril,
ms1_line,29109252,SRR5860107,PRJNA395401,,SAMN07405629,RNA-seq wild type-HE replicate2,81,Triticum aestivum,Ningchun4,mut,heterozyg,meiosis and uninuclear stage,50,Heading,Reproductive,anther,inflorescence,control,PlantRNAkit_Qiagen,unknown,10,unknown,greenhouse,16_8,22_15,China_Beijing,China_Peking_University,Illumina HiSeq 2000,paired,PO:0007047,PO:0007048,PO:0009066,,
ms1_line,29109252,SRR5860109,PRJNA395401,,SAMN07405628,RNA-seq wild type-HE replicate1,81,Triticum aestivum,Ningchun4,mut,heterozyg,meiosis and uninuclear stage,50,Heading,Reproductive,anther,inflorescence,control,PlantRNAkit_Qiagen,unknown,10,unknown,greenhouse,16_8,22_15,China_Beijing,China_Peking_University,Illumina HiSeq 2000,paired,PO:0007047,PO:0007048,PO:0009066,,
ms1_line,29109252,SRR5860110,PRJNA395401,,SAMN07405626,RNA-seq wild type-WT replicate2,82,Triticum aestivum,Ningchun4,wt,wt,meiosis and uninuclear stage,50,Heading,Reproductive,anther,inflorescence,control,PlantRNAkit_Qiagen,unknown,10,unknown,greenhouse,16_8,22_15,China_Beijing,China_Peking_University,Illumina HiSeq 2000,paired,PO:0007047,PO:0007048,PO:0009066,,
ms1_line,29109252,SRR5860111,PRJNA395401,,SAMN07405624,RNA-seq wild type-WT replicate1,82,Triticum aestivum,Ningchun4,wt,wt,meiosis and uninuclear stage,50,Heading,Reproductive,anther,inflorescence,control,PlantRNAkit_Qiagen,unknown,10,unknown,greenhouse,16_8,22_15,China_Beijing,China_Peking_University,Illumina HiSeq 2000,paired,PO:0007047,PO:0007048,PO:0009066,,
spike_dev,30115783,SRR6802606,PRJNA436817,,SAMN08633969,CS_RNSQ_9,83,Triticum aestivum,CS,wt,wt,Spike Development,37,Floret_development,Reproductive,ovary,inflorescence,control,unknown,unknown,unknown,unknown,unknown,unknown,unknown,USA,USA,Illumina HiSeq 2000,paired,PO:0007047,PO:0007048,PO:0009072,landrace,
spike_dev,30115783,SRR6802607,PRJNA436817,,SAMN08633970,CS_RNSQ_10,83,Triticum aestivum,CS,wt,wt,Spike Development,37,Floret_development,Reproductive,ovary,inflorescence,control,unknown,unknown,unknown,unknown,unknown,unknown,unknown,USA,USA,Illumina HiSeq 2000,paired,PO:0007047,PO:0007048,PO:0009072,landrace,
spike_dev,30115783,SRR6802608,PRJNA436817,,SAMN08633963,CS_RNSQ_3,84,Triticum aestivum,CS,wt,wt,Spike Development,37,Floret_development,Reproductive,rachis,inflorescence,control,unknown,unknown,unknown,unknown,unknown,unknown,unknown,USA,USA,Illumina HiSeq 2000,paired,PO:0007047,PO:0007048,PO:0020122,landrace,
spike_dev,30115783,SRR6802609,PRJNA436817,,SAMN08633964,CS_RNSQ_4,85,Triticum aestivum,CS,wt,wt,Spike Development,37,Floret_development,Reproductive,spike,inflorescence,control,unknown,unknown,unknown,unknown,unknown,unknown,unknown,USA,USA,Illumina HiSeq 2000,paired,PO:0007047,PO:0007048,PO:0030117,landrace,
spike_dev,30115783,SRR6802610,PRJNA436817,,SAMN08633961,CS_RNSQ_1,85,Triticum aestivum,CS,wt,wt,Spike Development,37,Floret_development,Reproductive,spike,inflorescence,control,unknown,unknown,unknown,unknown,unknown,unknown,unknown,USA,USA,Illumina HiSeq 2000,paired,PO:0007047,PO:0007048,PO:0030117,landrace,
spike_dev,30115783,SRR6802611,PRJNA436817,,SAMN08633962,CS_RNSQ_2,85,Triticum aestivum,CS,wt,wt,Spike Development,37,Floret_development,Reproductive,spike,inflorescence,control,unknown,unknown,unknown,unknown,unknown,unknown,unknown,USA,USA,Illumina HiSeq 2000,paired,PO:0007047,PO:0007048,PO:0030117,landrace,
spike_dev,30115783,SRR6802612,PRJNA436817,,SAMN08633967,CS_RNSQ_7,83,Triticum aestivum,CS,wt,wt,Spike Development,37,Floret_development,Reproductive,ovary,inflorescence,control,unknown,unknown,unknown,unknown,unknown,unknown,unknown,USA,USA,Illumina HiSeq 2000,paired,PO:0007047,PO:0007048,PO:0009072,landrace,
spike_dev,30115783,SRR6802613,PRJNA436817,,SAMN08633968,CS_RNSQ_8,83,Triticum aestivum,CS,wt,wt,Spike Development,37,Floret_development,Reproductive,ovary,inflorescence,control,unknown,unknown,unknown,unknown,unknown,unknown,unknown,USA,USA,Illumina HiSeq 2000,paired,PO:0007047,PO:0007048,PO:0009072,landrace,
spike_dev,30115783,SRR6802614,PRJNA436817,,SAMN08633965,CS_RNSQ_5,85,Triticum aestivum,CS,wt,wt,Spike Development,37,Floret_development,Reproductive,spike,inflorescence,control,unknown,unknown,unknown,unknown,unknown,unknown,unknown,USA,USA,Illumina HiSeq 2000,paired,PO:0007047,PO:0007048,PO:0030117,landrace,
spike_dev,30115783,SRR6802615,PRJNA436817,,SAMN08633966,CS_RNSQ_6,84,Triticum aestivum,CS,wt,wt,Spike Development,37,Floret_development,Reproductive,rachis,inflorescence,control,unknown,unknown,unknown,unknown,unknown,unknown,unknown,USA,USA,Illumina HiSeq 2000,paired,PO:0007047,PO:0007048,PO:0020122,landrace,
embryo_dev,31168755,SRR7688751,PRJNA485741,,SAMN09813475,GSM3330658,86,Triticum aestivum,Zhou 8425B,wt,wt,14 day post anthesis,75,Seed_development,Grain_development,embryo,grain,control,PlantRNAkit_GeneMark,unknown,unknown,unknown,field,natural,natural,China_Beijing,China_Beijing,Illumina HiSeq 4000,paired,PO:0007027,PO:0007027,PO:0009009,Grain,
embryo_dev,31168755,SRR7688752,PRJNA485741,,SAMN09813474,GSM3330659,86,Triticum aestivum,Zhou 8425B,wt,wt,14 day post anthesis,75,Seed_development,Grain_development,embryo,grain,control,PlantRNAkit_GeneMark,unknown,unknown,unknown,field,natural,natural,China_Beijing,China_Beijing,Illumina HiSeq 4000,paired,PO:0007027,PO:0007027,PO:0009009,Grain,
embryo_dev,31168755,SRR7688753,PRJNA485741,,SAMN09813485,GSM3330660,86,Triticum aestivum,Zhou 8425B,wt,wt,14 day post anthesis,75,Seed_development,Grain_development,embryo,grain,control,PlantRNAkit_GeneMark,unknown,unknown,unknown,field,natural,natural,China_Beijing,China_Beijing,Illumina HiSeq 4000,paired,PO:0007027,PO:0007027,PO:0009009,Grain,
embryo_dev,31168755,SRR7688754,PRJNA485741,,SAMN09813484,GSM3330661,87,Triticum aestivum,Zhou 8425B,wt,wt,25 day post anthesis,85,Dough_development,Grain_development,endosperm,grain,control,PlantRNAkit_GeneMark,unknown,unknown,unknown,field,natural,natural,China_Beijing,China_Beijing,Illumina HiSeq 4000,paired,PO:0007010,PO:0007031,PO:0009089,Grain – endosperm  (including episperm and pericarp),
embryo_dev,31168755,SRR7688755,PRJNA485741,,SAMN09813483,GSM3330662,87,Triticum aestivum,Zhou 8425B,wt,wt,25 day post anthesis,85,Dough_development,Grain_development,endosperm,grain,control,PlantRNAkit_GeneMark,unknown,unknown,unknown,field,natural,natural,China_Beijing,China_Beijing,Illumina HiSeq 4000,paired,PO:0007010,PO:0007031,PO:0009089,Grain – endosperm  (including episperm and pericarp),
embryo_dev,31168755,SRR7688756,PRJNA485741,,SAMN09813482,GSM3330663,87,Triticum aestivum,Zhou 8425B,wt,wt,25 day post anthesis,85,Dough_development,Grain_development,endosperm,grain,control,PlantRNAkit_GeneMark,unknown,unknown,unknown,field,natural,natural,China_Beijing,China_Beijing,Illumina HiSeq 4000,paired,PO:0007010,PO:0007031,PO:0009089,Grain – endosperm  (including episperm and pericarp),
embryo_dev,31168755,SRR7688757,PRJNA485741,,SAMN09813481,GSM3330664,86,Triticum aestivum,Zhou 8425B,wt,wt,14 day post anthesis,75,Seed_development,Grain_development,embryo,grain,control,PlantRNAkit_GeneMark,unknown,unknown,unknown,field,natural,natural,China_Beijing,China_Beijing,Illumina HiSeq 4000,paired,PO:0007027,PO:0007027,PO:0009009,Grain,
embryo_dev,31168755,SRR7688758,PRJNA485741,,SAMN09813480,GSM3330665,86,Triticum aestivum,Zhou 8425B,wt,wt,14 day post anthesis,75,Seed_development,Grain_development,embryo,grain,control,PlantRNAkit_GeneMark,unknown,unknown,unknown,field,natural,natural,China_Beijing,China_Beijing,Illumina HiSeq 4000,paired,PO:0007027,PO:0007027,PO:0009009,Grain,
embryo_dev,31168755,SRR7688759,PRJNA485741,,SAMN09813479,GSM3330666,86,Triticum aestivum,Zhou 8425B,wt,wt,14 day post anthesis,75,Seed_development,Grain_development,embryo,grain,control,PlantRNAkit_GeneMark,unknown,unknown,unknown,field,natural,natural,China_Beijing,China_Beijing,Illumina HiSeq 4000,paired,PO:0007027,PO:0007027,PO:0009009,Grain,
embryo_dev,31168755,SRR7688760,PRJNA485741,,SAMN09813476,GSM3330667,87,Triticum aestivum,Zhou 8425B,wt,wt,25 day post anthesis,85,Dough_development,Grain_development,endosperm,grain,control,PlantRNAkit_GeneMark,unknown,unknown,unknown,field,natural,natural,China_Beijing,China_Beijing,Illumina HiSeq 4000,paired,PO:0007010,PO:0007031,PO:0009089,Grain – endosperm  (including episperm and pericarp),
embryo_dev,31168755,SRR7688761,PRJNA485741,,SAMN09813478,GSM3330668,87,Triticum aestivum,Zhou 8425B,wt,wt,25 day post anthesis,85,Dough_development,Grain_development,endosperm,grain,control,PlantRNAkit_GeneMark,unknown,unknown,unknown,field,natural,natural,China_Beijing,China_Beijing,Illumina HiSeq 4000,paired,PO:0007010,PO:0007031,PO:0009089,Grain – endosperm  (including episperm and pericarp),
embryo_dev,31168755,SRR7688762,PRJNA485741,,SAMN09813477,GSM3330669,87,Triticum aestivum,Zhou 8425B,wt,wt,25 day post anthesis,85,Dough_development,Grain_development,endosperm,grain,control,PlantRNAkit_GeneMark,unknown,unknown,unknown,field,natural,natural,China_Beijing,China_Beijing,Illumina HiSeq 4000,paired,PO:0007010,PO:0007031,PO:0009089,Grain – endosperm  (including episperm and pericarp),
tiller_number_mutant,31350929,SRR8413503,PRJNA513351,,SAMN10711470,1,88,Triticum aestivum,Kenong199,wt,wt,3-week old,15,Leaf_development,Vegetative,axillary bud,meristem,control,Rneasy_plus_microkit,unknown,2,unknown,field,natural,natural,China_Shandong_University,China,Illumina HiSeq 2500,paired,PO:0007112,PO:0007101,PO:0004709,Axillary bud primordia,
tiller_number_mutant,31350929,SRR8413504,PRJNA513351,,SAMN10711469,2,88,Triticum aestivum,Kenong199,wt,wt,3-week old,15,Leaf_development,Vegetative,axillary bud,meristem,control,Rneasy_plus_microkit,unknown,2,unknown,field,natural,natural,China_Shandong_University,China,Illumina HiSeq 2500,paired,PO:0007112,PO:0007101,PO:0004709,Axillary bud primordia,
tiller_number_mutant,31350929,SRR8413505,PRJNA513351,,SAMN10711468,3,88,Triticum aestivum,Kenong199,wt,wt,3-week old,15,Leaf_development,Vegetative,axillary bud,meristem,control,Rneasy_plus_microkit,unknown,2,unknown,field,natural,natural,China_Shandong_University,China,Illumina HiSeq 2500,paired,PO:0007112,PO:0007101,PO:0004709,Axillary bud primordia,
tiller_number_mutant,31350929,SRR8413506,PRJNA513351,,SAMN10711467,4,88,Triticum aestivum,Kenong199,wt,wt,3-week old,15,Leaf_development,Vegetative,axillary bud,meristem,control,Rneasy_plus_microkit,unknown,2,unknown,field,natural,natural,China_Shandong_University,China,Illumina HiSeq 2500,paired,PO:0007112,PO:0007101,PO:0004709,Axillary bud primordia,
tiller_number_mutant,31350929,SRR8413507,PRJNA513351,,SAMN10711466,5,88,Triticum aestivum,Kenong199,wt,wt,3-week old,15,Leaf_development,Vegetative,axillary bud,meristem,control,Rneasy_plus_microkit,unknown,2,unknown,field,natural,natural,China_Shandong_University,China,Illumina HiSeq 2500,paired,PO:0007112,PO:0007101,PO:0004709,Axillary bud primordia,
tiller_number_mutant,31350929,SRR8413508,PRJNA513351,,SAMN10711465,6,88,Triticum aestivum,Kenong199,wt,wt,3-week old,15,Leaf_development,Vegetative,axillary bud,meristem,control,Rneasy_plus_microkit,unknown,2,unknown,field,natural,natural,China_Shandong_University,China,Illumina HiSeq 2500,paired,PO:0007112,PO:0007101,PO:0004709,Axillary bud primordia,
chlorophyll_deficiency,29270875,SRR5186313,PRJNA362497,,SAMN06240325,Jimai5265_1,89,Triticum aestivum,Jimai5265,wt,wt,"4 week old, tillering stage",21,Tillering,Vegetative,leaf,leaf,control,unknown,unknown,unknown,unknown,field,natural,natural,China_Northwest_University,China,Illumina HiSeq 2500,paired,PO:0007073,PO:0007087,PO:0006339,the second fully expanded leaves,
chlorophyll_deficiency,29270875,SRR5186364,PRJNA362497,,SAMN06240326,Jimai5265_2,89,Triticum aestivum,Jimai5265,wt,wt,"4 week old, tillering stage",21,Tillering,Vegetative,leaf,leaf,control,unknown,unknown,unknown,unknown,field,natural,natural,China_Northwest_University,China,Illumina HiSeq 2500,paired,PO:0007073,PO:0007087,PO:0006339,the second fully expanded leaves,
chlorophyll_deficiency,29270875,SRR5186375,PRJNA362497,,SAMN06240327,Jimai5265_3,89,Triticum aestivum,Jimai5265,wt,wt,"4 week old, tillering stage",21,Tillering,Vegetative,leaf,leaf,control,unknown,unknown,unknown,unknown,field,natural,natural,China_Northwest_University,China,Illumina HiSeq 2500,paired,PO:0007073,PO:0007087,PO:0006339,the second fully expanded leaves,
chlorophyll_deficiency,29270875,SRR5186382,PRJNA362497,,SAMN06240328,Jimai5265yg_1,90,Triticum aestivum,Jimai5265,mut,yg,"4 week old, tillering stage",21,Tillering,Vegetative,leaf,leaf,mutant,unknown,unknown,unknown,unknown,field,natural,natural,China_Northwest_University,China,Illumina HiSeq 2500,paired,PO:0007073,PO:0007087,PO:0006339,the second fully expanded leaves,
chlorophyll_deficiency,29270875,SRR5186387,PRJNA362497,,SAMN06240329,Jimai5265yg_2,90,Triticum aestivum,Jimai5265,mut,yg,"4 week old, tillering stage",21,Tillering,Vegetative,leaf,leaf,mutant,unknown,unknown,unknown,unknown,field,natural,natural,China_Northwest_University,China,Illumina HiSeq 2500,paired,PO:0007073,PO:0007087,PO:0006339,the second fully expanded leaves,
chlorophyll_deficiency,29270875,SRR5186416,PRJNA362497,,SAMN06240330,Jimai5265yg_3,90,Triticum aestivum,Jimai5265,mut,yg,"4 week old, tillering stage",21,Tillering,Vegetative,leaf,leaf,mutant,unknown,unknown,unknown,unknown,field,natural,natural,China_Northwest_University,China,Illumina HiSeq 2500,paired,PO:0007073,PO:0007087,PO:0006339,the second fully expanded leaves,
