Dataset name,PMID,Run ID,GSA,NCBI BioProject,SRA Sample ID,BioSample ID,Sample Name/Alias,Batch,Organism,Cultivar,GM,Genotype,Dev stage,Zadok scale of dev,Tissue,Treatment,Instrument,Library layout,PO dev general,PO dev narrow,PO tissue,Metadata,Read length (bp),Download link to all samples in project
pistillody of stamen,32019527,SRR10737427,,PRJNA596597,SRS5860070,SAMN13632079,303-B,1,Triticum aestivum,303-B,wt,303-B,Anther at binucleate stage,,anther,control,Illumina HiSeq 2500,paired,,,,fertile maintainer line,150,https://www.ncbi.nlm.nih.gov/biosample?LinkName=bioproject_biosample_all&from_uid=596597
pistillody of stamen,32019527,SRR10737428,,PRJNA596597,SRS5860068,SAMN13632078,303-B,1,Triticum aestivum,303-B,wt,303-B,Anther at binucleate stage,,anther,control,Illumina HiSeq 2500,paired,,,,fertile maintainer line,150,
pistillody of stamen,32019527,SRR10737429,,PRJNA596597,SRS5860066,SAMN13632077,303-B,1,Triticum aestivum,303-B,wt,303-B,Anther at binucleate stage,,anther,control,Illumina HiSeq 2500,paired,,,,fertile maintainer line,150,
pistillody of stamen,32019527,SRR10737430,,PRJNA596597,SRS5860069,SAMN13632082,C303A,2,Triticum aestivum,C303A,mut,C303A,Anther at binucleate stage,,anther,mutant,Illumina HiSeq 2500,paired,,,,CytoplMaleSterile(CMS) line pistillody stamen,150,
pistillody of stamen,32019527,SRR10737431,,PRJNA596597,SRS5860067,SAMN13632081,C303A,2,Triticum aestivum,C303A,mut,C303A,Anther at binucleate stage,,anther,mutant,Illumina HiSeq 2500,paired,,,,CytoplMaleSterile(CMS) line pistillody stamen,150,
pistillody of stamen,32019527,SRR10737432,,PRJNA596597,SRS5860065,SAMN13632080,C303A,2,Triticum aestivum,C303A,mut,C303A,Anther at binucleate stage,,anther,mutant,Illumina HiSeq 2500,paired,,,,CytoplMaleSterile(CMS) line pistillody stamen,150,
iamsls,31910796,CRR088963,CRA002161,,,SAMC117525,B706,3,Triticum aestivum,B706,wt,B706,Anther at binucleate stage,,anther,control,Illumina HiSeq 2500,paired,,,,fertile maintainer line,,https://bigd.big.ac.cn/gsa/browse/CRA002161
iamsls,31910796,CRR088962,CRA002161,,,SAMC117524,B706,3,Triticum aestivum,B706,wt,B706,Anther at binucleate stage,,anther,control,Illumina HiSeq 2500,paired,,,,fertile maintainer line,,
iamsls,31910796,CRR088961,CRA002161,,,SAMC117523,B706,3,Triticum aestivum,B706,wt,B706,Anther at binucleate stage,,anther,control,Illumina HiSeq 2500,paired,,,,fertile maintainer line,,
iamsls,31910796,CRR088960,CRA002161,,,SAMC117522,U706A,4,Triticum aestivum,U706A,mut,U706A,Anther at binucleate stage,,anther,mutant,Illumina HiSeq 2500,paired,,,,"Ae. uniaristata cytoplasm, male sterility",,
iamsls,31910796,CRR088959,CRA002161,,,SAMC117521,U706A,4,Triticum aestivum,U706A,mut,U706A,Anther at binucleate stage,,anther,mutant,Illumina HiSeq 2500,paired,,,,"Ae. uniaristata cytoplasm, male sterility",,
iamsls,31910796,CRR088958,CRA002161,,,SAMC117520,U706A,4,Triticum aestivum,U706A,mut,U706A,Anther at binucleate stage,,anther,mutant,Illumina HiSeq 2500,paired,,,,"Ae. uniaristata cytoplasm, male sterility",,
iamsls,31910796,CRR088957,CRA002161,,,SAMC117519,C706A,5,Triticum aestivum,C706A,mut,C706A,Anther at binucleate stage,,anther,mutant,Illumina HiSeq 2500,paired,,,,"Ae. crassa cytoplasm, male sterility",,
iamsls,31910796,CRR088956,CRA002161,,,SAMC117518,C706A,5,Triticum aestivum,C706A,mut,C706A,Anther at binucleate stage,,anther,mutant,Illumina HiSeq 2500,paired,,,,"Ae. crassa cytoplasm, male sterility",,
iamsls,31910796,CRR088955,CRA002161,,,SAMC117517,C706A,5,Triticum aestivum,C706A,mut,C706A,Anther at binucleate stage,,anther,mutant,Illumina HiSeq 2500,paired,,,,"Ae. crassa cytoplasm, male sterility",,
iamsls,31910796,CRR088954,CRA002161,,,SAMC117516,Ju706A,6,Triticum aestivum,Ju706A,mut,Ju706A,Anther at binucleate stage,,anther,mutant,Illumina HiSeq 2500,paired,,,,"Ae. juvenalis cytoplasm, male sterility",,
iamsls,31910796,CRR088953,CRA002161,,,SAMC117515,Ju706A,6,Triticum aestivum,Ju706A,mut,Ju706A,Anther at binucleate stage,,anther,mutant,Illumina HiSeq 2500,paired,,,,"Ae. juvenalis cytoplasm, male sterility",,
iamsls,31910796,CRR088952,CRA002161,,,SAMC117514,Ju706A,6,Triticum aestivum,Ju706A,mut,Ju706A,Anther at binucleate stage,,anther,mutant,Illumina HiSeq 2500,paired,,,,"Ae. juvenalis cytoplasm, male sterility",,
iamsls,31910796,CRR088951,CRA002161,,,SAMC117513,Va706A,7,Triticum aestivum,Va706A,mut,Va706A,Anther at binucleate stage,,anther,mutant,Illumina HiSeq 2500,paired,,,," Ae. vavilovii cytoplasm, male sterility",,
iamsls,31910796,CRR088950,CRA002161,,,SAMC117512,Va706A,7,Triticum aestivum,Va706A,mut,Va706A,Anther at binucleate stage,,anther,mutant,Illumina HiSeq 2500,paired,,,," Ae. vavilovii cytoplasm, male sterility",,
iamsls,31910796,CRR088949,CRA002161,,,SAMC117511,Va706A,7,Triticum aestivum,Va706A,mut,Va706A,Anther at binucleate stage,,anther,mutant,Illumina HiSeq 2500,paired,,,," Ae. vavilovii cytoplasm, male sterility",,
iamsls,31910796,CRR088948,CRA002161,,,SAMC117510,K706A,8,Triticum aestivum,K706A,mut,K706A,Anther at binucleate stage,,anther,mutant,Illumina HiSeq 2500,paired,,,,"Aegilops kotschyi cytoplasm, male sterility",,
iamsls,31910796,CRR088947,CRA002161,,,SAMC117509,K706A,8,Triticum aestivum,K706A,mut,K706A,Anther at binucleate stage,,anther,mutant,Illumina HiSeq 2500,paired,,,,"Aegilops kotschyi cytoplasm, male sterility",,
iamsls,31910796,CRR088946,CRA002161,,,SAMC117508,K706A,8,Triticum aestivum,K706A,mut,K706A,Anther at binucleate stage,,anther,mutant,Illumina HiSeq 2500,paired,,,,"Aegilops kotschyi cytoplasm, male sterility",,
multiovary wheat,31165748,SRR7106399 ,,PRJNA454376 ,SRS3253224,SAMN09005723,Mo_HC,1,Triticum aestivum,DUOIIxTZI,mut,Mo_HC,Young spike 2-6 mm long,,spike,mutant,Illumina HiSeq 4000,paired,,,,Mo_HC mono-ovary trait F1 = cross of TZI (female) + DUOII (male) parent,150,https://www.ncbi.nlm.nih.gov/sra/?term=PRJNA454376
multiovary wheat,31165748,SRR7106400,,PRJNA454376 ,SRS3253223,SAMN09005724,Mu_NC,2,Triticum aestivum,DUOIIxTZI,mut,Mu_NC,Young spike 2-6 mm long,,spike,mutant,Illumina HiSeq 4000,paired,,,,Mu_NC multi-ovary trait F1 = cross of DUOII (female) + TZI (male) parent,150,
multiovary wheat,31165748,SRR7106401 ,,PRJNA454376 ,SRS3253222,SAMN09005721,Mo_HC,1,Triticum aestivum,DUOIIxTZI,mut,Mo_HC,Young spike 2-6 mm long,,spike,mutant,Illumina HiSeq 4000,paired,,,,Mo_HC mono-ovary trait F1 = cross of TZI (female) + DUOII (male) parent,150,
multiovary wheat,31165748,SRR7106402,,PRJNA454376 ,SRS3253220,SAMN09005722,Mo_HC,1,Triticum aestivum,DUOIIxTZI,mut,Mo_HC,Young spike 2-6 mm long,,spike,mutant,Illumina HiSeq 4000,paired,,,,Mo_HC mono-ovary trait F1 = cross of TZI (female) + DUOII (male) parent,150,
multiovary wheat,31165748,SRR7106403,,PRJNA454376 ,SRS3253221,SAMN09005725,Mu_NC,2,Triticum aestivum,DUOIIxTZI,mut,Mu_NC,Young spike 2-6 mm long,,spike,mutant,Illumina HiSeq 4000,paired,,,,Mu_NC multi-ovary trait F1 = cross of DUOII (female) + TZI (male) parent,150,
multiovary wheat,31165748,SRR7106404,,PRJNA454376 ,SRS3253219,SAMN09005726,Mu_NC,2,Triticum aestivum,DUOIIxTZI,mut,Mu_NC,Young spike 2-6 mm long,,spike,mutant,Illumina HiSeq 4000,paired,,,,Mu_NC multi-ovary trait F1 = cross of DUOII (female) + TZI (male) parent,150,
drought tolerance,28484474,SRR5383964,,PRJNA380841,SRS2076531,SAMN06649952,D9_3_1,1,Triticum aestivum,Luyuan502,wt,wt,grain formation,,ear,control,Illumina HiSeq 2500,paired,,,,"timepoint T9 block D, drought resistant",125/150,https://www.ncbi.nlm.nih.gov/sra?linkname=bioproject_sra_all&from_uid=380841
drought tolerance,28484474,SRR5383963,,PRJNA380841,SRS2116499,SAMN06649951,D9_2_1,1,Triticum aestivum,Luyuan502,wt,wt,grain formation,,ear,control,Illumina HiSeq 2500,paired,,,,"timepoint T9 block D, drought resistant",125/150,
drought tolerance,28484474,SRR5383962,,PRJNA380841,SRS2116498,SAMN06649950,D9_1_1,1,Triticum aestivum,Luyuan502,wt,wt,grain formation,,ear,control,Illumina HiSeq 2500,paired,,,,"timepoint T9 block D, drought resistant",125/150,
drought tolerance,28484474,SRR5383961 ,,PRJNA380841,SRS2116496,SAMN06649949,C9_3_1,2,Triticum aestivum,Luyuan502,wt,wt,grain formation,,ear,control,Illumina HiSeq 2500,paired,,,,"timepoint T9 block C, drought resistant",125/150,
drought tolerance,28484474,SRR5383960,,PRJNA380841,SRS2076530,SAMN06649948,C9_2_1,2,Triticum aestivum,Luyuan502,wt,wt,grain formation,,ear,control,Illumina HiSeq 2500,paired,,,,"timepoint T9 block C, drought resistant",125/150,
drought tolerance,28484474,SRR5383959 ,,PRJNA380841,SRS2116497,SAMN06649947 ,C9_1_1,2,Triticum aestivum,Luyuan502,wt,wt,grain formation,,ear,control,Illumina HiSeq 2500,paired,,,,"timepoint T9 block C, drought resistant",125/150,
drought tolerance,28484474,SRR5383957,,PRJNA380841,SRS2076529,SAMN06649946,D8_3_1,3,Triticum aestivum,Luyuan502,wt,wt,flowering stage,,ear,control,Illumina HiSeq 2500,paired,,,,"timepoint T8 block D, drought resistant",125/150,
drought tolerance,28484474,SRR5383955,,PRJNA380841,SRS2116495,SAMN06649944,D8_2_1,3,Triticum aestivum,Luyuan502,wt,wt,flowering stage,,ear,control,Illumina HiSeq 2500,paired,,,,"timepoint T8 block D, drought resistant",125/150,
drought tolerance,28484474,SRR5383954,,PRJNA380841,SRS2116494,SAMN06649943,D8_1_1,3,Triticum aestivum,Luyuan502,wt,wt,flowering stage,,ear,control,Illumina HiSeq 2500,paired,,,,"timepoint T8 block D, drought resistant",125/150,
drought tolerance,28484474,SRR5383952 ,,PRJNA380841,SRS2076528,SAMN06649942,C8_3_1,4,Triticum aestivum,Luyuan502,wt,wt,flowering stage,,ear,control,Illumina HiSeq 2500,paired,,,,"timepoint T8 block C, drought resistant",125/150,
drought tolerance,28484474,SRR5383950,,PRJNA380841,SRS2076527,SAMN06649941,C8_2_1,4,Triticum aestivum,Luyuan502,wt,wt,flowering stage,,ear,control,Illumina HiSeq 2500,paired,,,,"timepoint T8 block C, drought resistant",125/150,
drought tolerance,28484474,SRR5383948 ,,PRJNA380841,SRS2116493,SAMN06649940,C8_1_1,4,Triticum aestivum,Luyuan502,wt,wt,flowering stage,,leaf,control,Illumina HiSeq 2500,paired,,,,"timepoint T8 block C – probably ear sample!!, drought resistant",125/150,
drought tolerance,28484474,SRR5383947 ,,PRJNA380841,SRS2116492,SAMN06649938,C6_3_1,5,Triticum aestivum,Luyuan502,wt,wt,tetrad booting stage,,leaf,control,Illumina HiSeq 2500,paired,,,,"timepoint T6 block C – block D?, drought resistant",125/150,
drought tolerance,28484474,SRR5383945,,PRJNA380841,SRS2076526,SAMN06649939,C6_2_1,5,Triticum aestivum,Luyuan502,wt,wt,tetrad booting stage,,leaf,control,Illumina HiSeq 2500,paired,,,,"timepoint T6 block C – block D?, drought resistant",125/150,
drought tolerance,28484474,SRR5383944,,PRJNA380841,SRS2076525,SAMN06649937,C6_1_1,5,Triticum aestivum,Luyuan502,wt,wt,tetrad booting stage,,leaf,control,Illumina HiSeq 2500,paired,,,,"timepoint T6 block C – block D?, drought resistant",125/150,
drought tolerance,28484474,SRR5383941,,PRJNA380841,SRS2116491,SAMN06649936 ,A6_3_1,6,Triticum aestivum,Luyuan502,wt,wt,tetrad booting stage,,leaf,control,Illumina HiSeq 2500,paired,,,,"timepoint T6 block A, drought resistant",125/150,
drought tolerance,28484474,SRR5383938,,PRJNA380841,SRS2076524,SAMN06649935,A6_2_1,6,Triticum aestivum,Luyuan502,wt,wt,tetrad booting stage,,leaf,control,Illumina HiSeq 2500,paired,,,,"timepoint T6 block A, drought resistant",125/150,
drought tolerance,28484474,SRR5383936 ,,PRJNA380841,SRS2076523,SAMN06649934,A6_1_1,6,Triticum aestivum,Luyuan502,wt,wt,tetrad booting stage,,leaf,control,Illumina HiSeq 2500,paired,,,,"timepoint T6 block A, drought resistant",125/150,
drought tolerance,28484474,SRR5383935,,PRJNA380841,SRS2076522,SAMN06649915,C5_3_1,7,Triticum aestivum,Luyuan502,wt,wt,anther differentiation stage,,leaf,control,Illumina HiSeq 2500,paired,,,,"timepoint T5 block C – block D?, drought resistant",125/150,
drought tolerance,28484474,SRR5383934,,PRJNA380841,SRS2076518,SAMN06649914,C5_2_1,7,Triticum aestivum,Luyuan502,wt,wt,anther differentiation stage,,leaf,control,Illumina HiSeq 2500,paired,,,,"timepoint T5 block C – block D?, drought resistant",125/150,
drought tolerance,28484474,SRR5383933,,PRJNA380841,SRS2076245,SAMN06649913,C5_1_1,7,Triticum aestivum,Luyuan502,wt,wt,anther differentiation stage,,leaf,control,Illumina HiSeq 2500,paired,,,,"timepoint T5 block C – block D?, drought resistant",125/150,
drought tolerance,28484474,SRR5383901,,PRJNA380841,SRS2076487,SAMN06649912,A5_3_1,8,Triticum aestivum,Luyuan502,wt,wt,anther differentiation stage,,leaf,control,Illumina HiSeq 2500,paired,,,,"timepoint T5 block A, drought resistant",125/150,
drought tolerance,28484474,SRR5383900,,PRJNA380841,SRS2076486,SAMN06649911,A5_2_1,8,Triticum aestivum,Luyuan502,wt,wt,anther differentiation stage,,leaf,control,Illumina HiSeq 2500,paired,,,,"timepoint T5 block A, drought resistant",125/150,
drought tolerance,28484474,SRR5383650,,PRJNA380841,SRS2076246,SAMN06649910,A5_1_1,8,Triticum aestivum,Luyuan502,wt,wt,anther differentiation stage,,leaf,control,Illumina HiSeq 2500,paired,,,,"timepoint T5 block A, drought resistant",125/150,
thermo-sensitive male sterility,31729646,SRR9593823,,PRJNA550982 ,SRS5022090,SAMN12136472,Asg-3,2,Triticum aestivum,4110s,mut,mut,later uninucleate stage,50,anther,highT,Illumina HiScanSQ,paired,,,,"Asg 22/20 celsius  high T, male sterility",,https://www.ncbi.nlm.nih.gov/Traces/study/?query_key=4&WebEnv=NCID_1_1564079_130.14.22.33_5555_1589366262_1775034258_0MetA0_S_HStore&o=acc_s%3Aa
thermo-sensitive male sterility,31729646,SRR9593824,,PRJNA550982 ,SRS5022089,SAMN12136471,Asg-2,2,Triticum aestivum,4110s,mut,mut,later uninucleate stage,50,anther,highT,Illumina HiScanSQ,paired,,,,"Asg 22/20 celsius  high T, male sterility",,
thermo-sensitive male sterility,31729646,SRR9593825,,PRJNA550982 ,SRS5022088,SAMN12136468,Asd-2,1,Triticum aestivum,4110s,mut,mut,later uninucleate stage,50,anther,lowT,Illumina HiScanSQ,paired,,,,"Asd 17/15 celsius  low T, male sterility",,
thermo-sensitive male sterility,31729646,SRR9593826,,PRJNA550982 ,SRS5022087,SAMN12136467,Asd-1,1,Triticum aestivum,4110s,mut,mut,later uninucleate stage,50,anther,lowT,Illumina HiScanSQ,paired,,,,"Asd 17/15 celsius  low T, male sterility",,
thermo-sensitive male sterility,31729646,SRR9593827,,PRJNA550982 ,SRS5022086,SAMN12136470,Asg-1,2,Triticum aestivum,4110s,mut,mut,later uninucleate stage,50,anther,highT,Illumina HiScanSQ,paired,,,,"Asg 22/20 celsius  high T, male sterility",,
thermo-sensitive male sterility,31729646,SRR9593828,,PRJNA550982 ,SRS5022085,SAMN12136469,Asd-3,1,Triticum aestivum,4110s,mut,mut,later uninucleate stage,50,anther,lowT,Illumina HiScanSQ,paired,,,,"Asd 17/15 celsius  low T, male sterility",,
pistillody stamen,25886815,SRR1177761 ,,PRJNA239299,SRS562584,SAMN02662075,S,1,Triticum aestivum,CS,wt,CSTP,spike formation stage,,stamen,control,Illumina HiSeq 2000,paired,,,,stamen in CSTP ,100,
pistillody stamen,25886815,SRR1177760,,PRJNA239299,SRS562583,SAMN02662073,PS,2,Triticum aestivum,HTS-1,mut,HTS-1,spike formation stage,,stamen,mutant,Illumina HiSeq 2000,paired,,,,"pistillody stamen in HTS-1, 3-6 pistills/floret",100,
pistillody stamen,25886815,SRR1175868,,PRJNA239299,SRS561346,SAMN02662074,P,3,Triticum aestivum,CS,wt,CSTP,spike formation stage,,pistil,control,Illumina HiSeq 2000,paired,,,,Pistil in CSTP,100,
meiosis,29581960,1,,website,,,1A,1,Triticum aestivum,CS,wt,wt,latent_lepto,,anther,control,Illumina HiSeq 2000,paired,,,,,100,https://urgi.versailles.inra.fr/files/RNASeqWheat/Meiosis/
meiosis,29581960,2,,website,,,1B,1,Triticum aestivum,CS,wt,wt,latent_lepto,,anther,control,Illumina HiSeq 2000,paired,,,,,100,
meiosis,29581960,3,,website,,,2A,2,Triticum aestivum,CS,wt,wt,diplo_dia,,anther,control,Illumina HiSeq 2000,paired,,,,,100,
meiosis,29581960,4,,website,,,2B,2,Triticum aestivum,CS,wt,wt,diplo_dia,,anther,control,Illumina HiSeq 2000,paired,,,,,100,
meiosis,29581960,5,,website,,,3A,3,Triticum aestivum,CS,wt,wt,zygo_pachy,,anther,control,Illumina HiSeq 2000,paired,,,,,100,
meiosis,29581960,6,,website,,,3B,3,Triticum aestivum,CS,wt,wt,zygo_pachy,,anther,control,Illumina HiSeq 2000,paired,,,,,100,
meiosis,29581960,7,,website,,,4A,4,Triticum aestivum,CS,wt,wt,metaphaseI,,anther,control,Illumina HiSeq 2000,paired,,,,,100,
meiosis,29581960,8,,website,,,4B,4,Triticum aestivum,CS,wt,wt,metaphaseI,,anther,control,Illumina HiSeq 2000,paired,,,,,100,
developmental time course series,25035497,ERR424721,,PRJEB5314,ERS399947,SAMEA2342263,grain_Z85_rep1,3,Triticum aestivum,CS,wt,wt,,85,grain,control,Illumina HiSeq 2000,paired,,,,,,https://www.ncbi.nlm.nih.gov/Traces/study/?query_key=20&WebEnv=NCID_1_1564079_130.14.22.33_5555_1589366262_1775034258_0MetA0_S_HStore&o=acc_s%3Aa
developmental time course series,25035497,ERR424724,,PRJEB5314,ERS399929,SAMEA2342245,spike_Z65_rep1,12,Triticum aestivum,CS,wt,wt,,65,spike,control,Illumina HiSeq 2000,paired,,,,,,Metadata from Thomas’s Yaml file
developmental time course series,25035497,ERR424726,,PRJEB5314,ERS399951,SAMEA2342267,leaf_Z10_rep1,4,Triticum aestivum,CS,wt,wt,,10,leaf,control,Illumina HiSeq 2000,paired,,,,,,
developmental time course series,25035497,ERR424727,,PRJEB5314,ERS399926,SAMEA2342242,root_Z39_rep1,9,Triticum aestivum,CS,wt,wt,,39,root,control,Illumina HiSeq 2000,paired,,,,,,
developmental time course series,25035497,ERR424728,,PRJEB5314,ERS399950,SAMEA2342266,stem_Z30_rep1,13,Triticum aestivum,CS,wt,wt,,30,stem,control,Illumina HiSeq 2000,paired,,,,,,
developmental time course series,25035497,ERR424730,,PRJEB5314,ERS399956,SAMEA2342271,grain_Z71_rep1,1,Triticum aestivum,CS,wt,wt,,71,grain,control,Illumina HiSeq 2000,paired,,,,,,
developmental time course series,25035497,ERR424732,,PRJEB5314,ERS399928,SAMEA2342244,root_Z39_rep2,9,Triticum aestivum,CS,wt,wt,,39,root,control,Illumina HiSeq 2000,paired,,,,,,
developmental time course series,25035497,ERR424733,,PRJEB5314,ERS399922,SAMEA2342238,stem_Z32_rep2,14,Triticum aestivum,CS,wt,wt,,32,stem,control,Illumina HiSeq 2000,paired,,,,,,
developmental time course series,25035497,ERR424734,,PRJEB5314,ERS399933,SAMEA2342249,grain_Z75_rep2,2,Triticum aestivum,CS,wt,wt,,75,grain,control,Illumina HiSeq 2000,paired,,,,,,
developmental time course series,25035497,ERR424735,,PRJEB5314,ERS399953,SAMEA2342269,spike_Z39_rep2,11,Triticum aestivum,CS,wt,wt,,39,spike,control,Illumina HiSeq 2000,paired,,,,,,
developmental time course series,25035497,ERR424739,,PRJEB5314,ERS399942,SAMEA2342258,stem_Z65_rep1,15,Triticum aestivum,CS,wt,wt,,65,stem,control,Illumina HiSeq 2000,paired,,,,,,
developmental time course series,25035497,ERR424743,,PRJEB5314,ERS399937,SAMEA2342253,root_Z13_rep2,8,Triticum aestivum,CS,wt,wt,,13,root,control,Illumina HiSeq 2000,paired,,,,,,
developmental time course series,25035497,ERR424748,,PRJEB5314,ERS399946,SAMEA2342262,stem_Z30_rep2,13,Triticum aestivum,CS,wt,wt,,30,stem,control,Illumina HiSeq 2000,paired,,,,,,
developmental time course series,25035497,ERR424749,,PRJEB5314,ERS399938,SAMEA2342254,leaf_Z71_rep1,6,Triticum aestivum,CS,wt,wt,,71,leaf,control,Illumina HiSeq 2000,paired,,,,,,
developmental time course series,25035497,ERR424750,,PRJEB5314,ERS399939,SAMEA2342255,grain_Z85_rep2,3,Triticum aestivum,CS,wt,wt,,85,grain,control,Illumina HiSeq 2000,paired,,,,,,
developmental time course series,25035497,ERR424753,,PRJEB5314,ERS399952,SAMEA2342268,spike_Z39_rep1,11,Triticum aestivum,CS,wt,wt,,39,spike,control,Illumina HiSeq 2000,paired,,,,,,
developmental time course series,25035497,ERR424754,,PRJEB5314,ERS399940,SAMEA2342256,leaf_Z71_rep2,6,Triticum aestivum,CS,wt,wt,,71,leaf,control,Illumina HiSeq 2000,paired,,,,,,
developmental time course series,25035497,ERR424756,,PRJEB5314,ERS399932,SAMEA2342248,spike_Z32_rep2,10,Triticum aestivum,CS,wt,wt,,32,spike,control,Illumina HiSeq 2000,paired,,,,,,
developmental time course series,25035497,ERR424758,,PRJEB5314,ERS399934,SAMEA2342250,spike_Z65_rep2,12,Triticum aestivum,CS,wt,wt,,65,spike,control,Illumina HiSeq 2000,paired,,,,,,
developmental time course series,25035497,ERR424761,,PRJEB5314,ERS399935,SAMEA2342251,root_Z13_rep1,8,Triticum aestivum,CS,wt,wt,,13,root,control,Illumina HiSeq 2000,paired,,,,,,
developmental time course series,25035497,ERR424762,,PRJEB5314,ERS399941,SAMEA2342257,stem_Z65_rep2,15,Triticum aestivum,CS,wt,wt,,65,stem,control,Illumina HiSeq 2000,paired,,,,,,
developmental time course series,25035497,ERR424765,,PRJEB5314,ERS399948,SAMEA2342264,leaf_Z10_rep2,4,Triticum aestivum,CS,wt,wt,,10,leaf,control,Illumina HiSeq 2000,paired,,,,,,
developmental time course series,25035497,ERR424767,,PRJEB5314,ERS399923,SAMEA2342239,stem_Z32_rep1,14,Triticum aestivum,CS,wt,wt,,32,stem,control,Illumina HiSeq 2000,paired,,,,,,
developmental time course series,25035497,ERR424769,,PRJEB5314,ERS399954,SAMEA2342270,grain_Z71_rep2,1,Triticum aestivum,CS,wt,wt,,71,grain,control,Illumina HiSeq 2000,paired,,,,,,
developmental time course series,25035497,ERR424770,,PRJEB5314,ERS399955,SAMEA2729887,root_Z10_rep1,7,Triticum aestivum,CS,wt,wt,,10,root,control,Illumina HiSeq 2000,paired,,,,,,
developmental time course series,25035497,ERR424772,,PRJEB5314,ERS399943,SAMEA2342259,leaf_Z23_rep2,5,Triticum aestivum,CS,wt,wt,,23,leaf,control,Illumina HiSeq 2000,paired,,,,,,
developmental time course series,25035497,ERR424774,,PRJEB5314,ERS399945,SAMEA2342261,leaf_Z23_rep1,5,Triticum aestivum,CS,wt,wt,,23,leaf,control,Illumina HiSeq 2000,paired,,,,,,
developmental time course series,25035497,ERR424775,,PRJEB5314,ERS399936,SAMEA2342252,spike_Z32_rep1,10,Triticum aestivum,CS,wt,wt,,32,spike,control,Illumina HiSeq 2000,paired,,,,,,
developmental time course series,25035497,ERR424776,,PRJEB5314,ERS399931,SAMEA2342247,grain_Z75_rep1,2,Triticum aestivum,CS,wt,wt,,75,grain,control,Illumina HiSeq 2000,paired,,,,,,
developmental time course series,25035497,ERR424777,,PRJEB5314,ERS399930,SAMEA2342246,root_Z10_rep2,7,Triticum aestivum,CS,wt,wt,,10,root,control,Illumina HiSeq 2000,paired,,,,,,
tf q,31778224,CRR078059,CRA002035,,,SAMC111102,BW1_1,1,Triticum aestivum,Bobwhite,wt,BW-Q,Waddington 5.5,,spike,control,Illumina HiSeq 2000,paired,,,,,,
tf q,31778224,CRR078085,CRA002035,,,SAMC111128,BWq1_3,4,Triticum aestivum,Bobwhite,mut,BW-q,Waddington 5.5,,spike,mutant,Illumina HiSeq 2000,paired,,,,early heading,,
tf q,31778224,CRR078084,CRA002035,,,SAMC111127,BWM3_1,9,Triticum aestivum,Bobwhite,mut,BW-Qmut,Waddington 9.0,,spike,mutant,Illumina HiSeq 2000,paired,,,,,,
tf q,31778224,CRR078083,CRA002035,,,SAMC111126,BWM2_1,8,Triticum aestivum,Bobwhite,mut,BW-Qmut,Waddington 7.5,,spike,mutant,Illumina HiSeq 2000,paired,,,,,,
tf q,31778224,CRR078082,CRA002035,,,SAMC111125,BW2_1,2,Triticum aestivum,Bobwhite,wt,BW-Q,Waddington 7.5,,spike,control,Illumina HiSeq 2000,paired,,,,,,
tf q,31778224,CRR078081,CRA002035,,,SAMC111124,BWq3_3,6,Triticum aestivum,Bobwhite,mut,BW-q,Waddington 9.0,,spike,mutant,Illumina HiSeq 2000,paired,,,,early heading,,
tf q,31778224,CRR078080,CRA002035,,,SAMC111123,BWq3_2,6,Triticum aestivum,Bobwhite,mut,BW-q,Waddington 9.0,,spike,mutant,Illumina HiSeq 2000,paired,,,,early heading,,
tf q,31778224,CRR078079,CRA002035,,,SAMC111122,BWq3_1,6,Triticum aestivum,Bobwhite,mut,BW-q,Waddington 9.0,,spike,mutant,Illumina HiSeq 2000,paired,,,,early heading,,
tf q,31778224,CRR078078,CRA002035,,,SAMC111121,BWq2_3,5,Triticum aestivum,Bobwhite,mut,BW-q,Waddington 7.5,,spike,mutant,Illumina HiSeq 2000,paired,,,,early heading,,
tf q,31778224,CRR078077,CRA002035,,,SAMC111120,BWq2_2,5,Triticum aestivum,Bobwhite,mut,BW-q,Waddington 7.5,,spike,mutant,Illumina HiSeq 2000,paired,,,,early heading,,
tf q,31778224,CRR078076,CRA002035,,,SAMC111119,BWq2_1,5,Triticum aestivum,Bobwhite,mut,BW-q,Waddington 7.5,,spike,mutant,Illumina HiSeq 2000,paired,,,,early heading,,
tf q,31778224,CRR078075,CRA002035,,,SAMC111118,BWq1_2,4,Triticum aestivum,Bobwhite,mut,BW-q,Waddington 5.5,,spike,mutant,Illumina HiSeq 2000,paired,,,,early heading,,
tf q,31778224,CRR078074,CRA002035,,,SAMC111117,BWq1_1,4,Triticum aestivum,Bobwhite,mut,BW-q,Waddington 5.5,,spike,mutant,Illumina HiSeq 2000,paired,,,,early heading,,
tf q,31778224,CRR078073,CRA002035,,,SAMC111116,BWM3_3,9,Triticum aestivum,Bobwhite,mut,BW-Qmut,Waddington 9.0,,spike,mutant,Illumina HiSeq 2000,paired,,,,,,
tf q,31778224,CRR078072,CRA002035,,,SAMC111115,BWM3_2,9,Triticum aestivum,Bobwhite,mut,BW-Qmut,Waddington 9.0,,spike,mutant,Illumina HiSeq 2000,paired,,,,,,
tf q,31778224,CRR078071,CRA002035,,,SAMC111114,BWM2_3,8,Triticum aestivum,Bobwhite,mut,BW-Qmut,Waddington 7.5,,spike,mutant,Illumina HiSeq 2000,paired,,,,,,
tf q,31778224,CRR078070,CRA002035,,,SAMC111113,BWM2_2,8,Triticum aestivum,Bobwhite,mut,BW-Qmut,Waddington 7.5,,spike,mutant,Illumina HiSeq 2000,paired,,,,,,
tf q,31778224,CRR078069,CRA002035,,,SAMC111112,BWM1_3,7,Triticum aestivum,Bobwhite,mut,BW-Qmut,Waddington 5.5,,spike,mutant,Illumina HiSeq 2000,paired,,,,,,
tf q,31778224,CRR078068,CRA002035,,,SAMC111111,BWM1_2,7,Triticum aestivum,Bobwhite,mut,BW-Qmut,Waddington 5.5,,spike,mutant,Illumina HiSeq 2000,paired,,,,,,
tf q,31778224,CRR078067,CRA002035,,,SAMC111110,BWM1_1,7,Triticum aestivum,Bobwhite,mut,BW-Qmut,Waddington 5.5,,spike,mutant,Illumina HiSeq 2000,paired,,,,,,
tf q,31778224,CRR078066,CRA002035,,,SAMC111109,BW3_3,3,Triticum aestivum,Bobwhite,wt,BW-Q,Waddington 9.0,,spike,control,Illumina HiSeq 2000,paired,,,,,,
tf q,31778224,CRR078065,CRA002035,,,SAMC111108,BW3_2,3,Triticum aestivum,Bobwhite,wt,BW-Q,Waddington 9.0,,spike,control,Illumina HiSeq 2000,paired,,,,,,
tf q,31778224,CRR078064,CRA002035,,,SAMC111107,BW3_1,3,Triticum aestivum,Bobwhite,wt,BW-Q,Waddington 9.0,,spike,control,Illumina HiSeq 2000,paired,,,,,,
tf q,31778224,CRR078063,CRA002035,,,SAMC111106,BW2_3,2,Triticum aestivum,Bobwhite,wt,BW-Q,Waddington 7.5,,spike,control,Illumina HiSeq 2000,paired,,,,,,
tf q,31778224,CRR078062,CRA002035,,,SAMC111105,BW2_2,2,Triticum aestivum,Bobwhite,wt,BW-Q,Waddington 7.5,,spike,control,Illumina HiSeq 2000,paired,,,,,,
tf q,31778224,CRR078061,CRA002035,,,SAMC111104,BW1_3,1,Triticum aestivum,Bobwhite,wt,BW-Q,Waddington 5.5,,spike,control,Illumina HiSeq 2000,paired,,,,,,
tf q,31778224,CRR078060,CRA002035,,,SAMC111103,BW1_2,1,Triticum aestivum,Bobwhite,wt,BW-Q,Waddington 5.5,,spike,control,Illumina HiSeq 2000,paired,,,,,,
early spike dev,30337587,SRR3659902,,PRJNA325489,SRS1498180,SAMN05234050,KNVI rep2,1,Triticum aestivum,KN9204,wt,wt,floret differentiation stage,,spike,control,Illumina HiSeq 2000,paired,,,,,,
early spike dev,30337587,SRR3659901,,PRJNA325489,SRS1498179,SAMN05234049,KNVI rep1,1,Triticum aestivum,KN9204,wt,wt,floret differentiation stage,,spike,control,Illumina HiSeq 2000,paired,,,,,,
early spike dev,30337587,SRR3659900 ,,PRJNA325489,SRS1498178,SAMN05234060,KNV rep2,2,Triticum aestivum,KN9204,wt,wt,glume primordium differentiation stage,,spike,control,Illumina HiSeq 2000,paired,,,,,,
early spike dev,30337587,SRR3659899 ,,PRJNA325489,SRS1498177 ,SAMN05234059,KNV rep1,2,Triticum aestivum,KN9204,wt,wt,glume primordium differentiation stage,,spike,control,Illumina HiSeq 2000,paired,,,,,,
early spike dev,30337587,SRR3659898,,PRJNA325489,SRS1498176,SAMN05234058 ,KNIV rep2,3,Triticum aestivum,KN9204,wt,wt,double ridge stage,,spike,control,Illumina HiSeq 2000,paired,,,,,,
early spike dev,30337587,SRR3659897,,PRJNA325489,SRS1498175,SAMN05234057,KNIV rep1,3,Triticum aestivum,KN9204,wt,wt,double ridge stage,,spike,control,Illumina HiSeq 2000,paired,,,,,,
early spike dev,30337587,SRR3659896 ,,PRJNA325489,SRS1498174,SAMN05234056,KNIII rep2,4,Triticum aestivum,KN9204,wt,wt,single ridge stage,,spike,control,Illumina HiSeq 2000,paired,,,,,,
early spike dev,30337587,SRR3659895,,PRJNA325489,SRS1498173,SAMN05234055,KNIII rep1,4,Triticum aestivum,KN9204,wt,wt,single ridge stage,,spike,control,Illumina HiSeq 2000,paired,,,,,,
early spike dev,30337587,SRR3659894,,PRJNA325489,SRS1498172,SAMN05234054,KNII rep2,5,Triticum aestivum,KN9204,wt,wt,elongation stage,,spike,control,Illumina HiSeq 2000,paired,,,,,,
early spike dev,30337587,SRR3659893,,PRJNA325489,SRS1498171,SAMN05234053 ,KNII rep1,5,Triticum aestivum,KN9204,wt,wt,elongation stage,,spike,control,Illumina HiSeq 2000,paired,,,,,,
early spike dev,30337587,SRR3659892 ,,PRJNA325489,SRS1498170 ,SAMN05234052,KNI rep2,6,Triticum aestivum,KN9204,wt,wt,vegetative stage,,spike,control,Illumina HiSeq 2000,paired,,,,,,
early spike dev,30337587,SRR3659891 ,,PRJNA325489,SRS1498169,SAMN05234051,KNI rep1,6,Triticum aestivum,KN9204,wt,wt,vegetative stage,,spike,control,Illumina HiSeq 2000,paired,,,,,,
inflorescence development,28515146,SRR5464524 ,,PRJNA383677,SRS2136968,SAMN06771185,TS replicate 2,1,Triticum aestivum,CS,wt,wt,"TS young floret stage, when the styles have just emerged from the pistils",,spike,control,Illumina HiSeq 2000,single,,,,floral organs experienced differentiation and development with the completion of pollen mother cells and the formation of tetrads flag leaf about 3 cm above the penultimate leaf,,https://www.ncbi.nlm.nih.gov/sra?linkname=bioproject_sra_all&from_uid=383677
inflorescence development,28515146,SRR5464523 ,,PRJNA383677,SRS2136967,SAMN06771184,TS replicate 1,1,Triticum aestivum,CS,wt,wt,"TS young floret stage, when the styles have just emerged from the pistils",,spike,control,Illumina HiSeq 2000,single,,,,floral organs experienced differentiation and development with the completion of pollen mother cells and the formation of tetrads flag leaf about 3 cm above the penultimate leaf,,
inflorescence development,28515146,SRR5464520,,PRJNA383677,SRS2136965 ,SAMN06771183,AM replicate 2,2,Triticum aestivum,CS,wt,wt,AM anther primordia stage,,spike,control,Illumina HiSeq 2000,single,,,,"third stem internode began to extend, and anther primordia were formed and the plant were ready to enter the booting stage",,
inflorescence development,28515146,SRR5464519,,PRJNA383677,SRS2136961,SAMN06771182,AM replicate 1,2,Triticum aestivum,CS,wt,wt,AM anther primordia stage,,spike,control,Illumina HiSeq 2000,single,,,,"third stem internode began to extend, and anther primordia were formed and the plant were ready to enter the booting stage",,
inflorescence development,28515146,SRR5464518 ,,PRJNA383677,SRS2136960,SAMN06771181,FM replicate 2,3,Triticum aestivum,CS,wt,wt,FM floret meristem stage,,spike,control,Illumina HiSeq 2000,single,,,,emergence of the second node and floret meristems,,
inflorescence development,28515146,SRR5464515 ,,PRJNA383677,SRS2136953 ,SAMN06771180,FM replicate 1,3,Triticum aestivum,CS,wt,wt,FM floret meristem stage,,spike,control,Illumina HiSeq 2000,single,,,,emergence of the second node and floret meristems,,
inflorescence development,28515146,SRR5464508,,PRJNA383677,SRS2136952,SAMN06771179,DR replicate 2,4,Triticum aestivum,CS,wt,wt,DR double ridge/spikelet meristem stage,,spike,control,Illumina HiSeq 2000,single,,,,when wheat plants had five leaves and the first node of stem was visible,,
inflorescence development,28515146,SRR5464507 ,,PRJNA383677,SRS2135351 ,SAMN06771178,DR replicate 1,4,Triticum aestivum,CS,wt,wt,DR double ridge/spikelet meristem stage,,spike,control,Illumina HiSeq 2000,single,,,,when wheat plants had five leaves and the first node of stem was visible,,
awn development,31469444,SRR9025697 ,,PRJNA541573,SRS4732960,SAMN11588070,S00B9DF,1,Triticum aestivum,Bobwhite,wt,BW7933_3,stem elongation,,spike,B1 overexpression,Illumina HiSeq 2500,paired,,,,awned,,https://www.ncbi.nlm.nih.gov/sra?linkname=bioproject_sra_all&from_uid=541573
awn development,31469444,SRR9025698,,PRJNA541573,SRS4732959,SAMN11588071,S00B9E0,1,Triticum aestivum,Bobwhite,wt,BW7933_4,stem elongation,,spike,B1 overexpression,Illumina HiSeq 2500,paired,,,,awned,,
awn development,31469444,SRR9025699 ,,PRJNA541573,SRS4732958,SAMN11588068,S00B9DD,1,Triticum aestivum,Bobwhite,wt,BW7933_1,stem elongation,,spike,B1 overexpression,Illumina HiSeq 2500,paired,,,,awned,,
awn development,31469444,SRR9025700,,PRJNA541573,SRS4732957,SAMN11588069,S00B9DE,2,Triticum aestivum,Bobwhite,mut,BW7933_2,stem elongation,,spike,B1 overexpression,Illumina HiSeq 2500,paired,,,,awnleted,,
awn development,31469444,SRR9025701,,PRJNA541573,SRS4732956,SAMN11588064,S00B9D5,2,Triticum aestivum,Bobwhite,mut,BW_8059,stem elongation,,spike,B1 overexpression,Illumina HiSeq 2500,paired,,,,awnleted,,
awn development,31469444,SRR9025702,,PRJNA541573,SRS4732955,SAMN11588065,S00B9D6,2,Triticum aestivum,Bobwhite,mut,BW_8060,stem elongation,,spike,B1 overexpression,Illumina HiSeq 2500,paired,,,,awnleted,,
awn development,31469444,SRR9025709,,PRJNA541573,SRS4732948,SAMN11588066,S00B9D8,2,Triticum aestivum,Bobwhite,mut,BW_8158,stem elongation,,spike,B1 overexpression,Illumina HiSeq 2500,paired,,,,awnleted,,
awn development,31469444,SRR9025710,,PRJNA541573,SRS4732947,SAMN11588067,S00B9DA,1,Triticum aestivum,Bobwhite,wt,BW,stem elongation,,spike,control,Illumina HiSeq 2500,paired,,,,awned,,
awn development,31469444,SRR9025720,,PRJNA541573,SRS4732936,SAMN11588072,S00B9E1,2,Triticum aestivum,Bobwhite,mut,BW7933_5,stem elongation,,spike,B1 overexpression,Illumina HiSeq 2500,paired,,,,awnleted,,
ms2 isogenic lines,1,SRR4734843,,PRJNA351906,,SAMN05957991,Wheat_MS2_P_Repetition2,1,Triticum aestivum,Lumai15,mut,RhtD1cMs2,S2 stage (Zadoks 41),41,pistil,mutant,Illumina HiSeq 2500,paired,,,,,,
ms2 isogenic lines,1,SRR4734844,,PRJNA351906,,SAMN05957991,Wheat_MS2_P_Repetition1,1,Triticum aestivum,Lumai15,mut,RhtD1cMs2,S2 stage (Zadoks 41),41,pistil,mutant,Illumina HiSeq 2500,paired,,,,,,
ms2 isogenic lines,1,SRR4734845,,PRJNA351906,,SAMN05957992,Wheat_MS2_SA_Repetition3,2,Triticum aestivum,Lumai15,wt,wt,S2 stage (Zadoks 41),41,anther,control,Illumina HiSeq 2500,paired,,,,sterile anthers,,
ms2 isogenic lines,1,SRR4734846,,PRJNA351906,,SAMN05957992,Wheat_MS2_SA_Repetition2,2,Triticum aestivum,Lumai15,wt,wt,S2 stage (Zadoks 41),41,anther,control,Illumina HiSeq 2500,paired,,,,sterile anthers,,
ms2 isogenic lines,1,SRR4734847,,PRJNA351906,,SAMN05957990,Wheat_MS2_L_Repetition1,3,Triticum aestivum,Lumai15,mut,RhtD1cMs2,S2 stage (Zadoks 41),41,flag,mutant,Illumina HiSeq 2500,paired,,,,,,
ms2 isogenic lines,1,SRR4734848,,PRJNA351906,,SAMN05957989,Wheat_MS2_FA_Repetition3,4,Triticum aestivum,Lumai15,wt,wt,S2 stage (Zadoks 41),41,anther,control,Illumina HiSeq 2500,paired,,,,fertile anthers,,
ms2 isogenic lines,1,SRR4734849,,PRJNA351906,,SAMN05957989,Wheat_MS2_FA_Repetition2,4,Triticum aestivum,Lumai15,wt,wt,S2 stage (Zadoks 41),41,anther,control,Illumina HiSeq 2500,paired,,,,fertile anthers,,
ms2 isogenic lines,1,SRR4734850,,PRJNA351906,,SAMN05957989,Wheat_MS2_FA_Repetition1,4,Triticum aestivum,Lumai15,wt,wt,S2 stage (Zadoks 41),41,anther,control,Illumina HiSeq 2500,paired,,,,fertile anthers,,
ms2 isogenic lines,1,SRR4734851,,PRJNA351906,,SAMN05957990,Wheat_MS2_L_Repetition3,3,Triticum aestivum,Lumai15,mut,RhtD1cMs2,S2 stage (Zadoks 41),41,flag,mutant,Illumina HiSeq 2500,paired,,,,,,
ms2 isogenic lines,1,SRR4734852,,PRJNA351906,,SAMN05957992,Wheat_MS2_SA_Repetition1,2,Triticum aestivum,Lumai15,wt,wt,S2 stage (Zadoks 41),41,anther,control,Illumina HiSeq 2500,paired,,,,sterile anthers,,
ms2 isogenic lines,1,SRR4734853,,PRJNA351906,,SAMN05957991,Wheat_MS2_P_Repetition3,1,Triticum aestivum,Lumai15,mut,RhtD1cMs2,S2 stage (Zadoks 41),41,pistil,mutant,Illumina HiSeq 2500,paired,,,,,,
ms2 isogenic lines,1,SRR4734854,,PRJNA351906,,SAMN05957990,Wheat_MS2_L_Repetition2,3,Triticum aestivum,Lumai15,mut,RhtD1cMs2,S2 stage (Zadoks 41),41,flag,mutant,Illumina HiSeq 2500,paired,,,,,,
cleistogamous wheat,2,SRR7876211,,PRJNA491844,,SAMN10091214,ZK01-1,1,Triticum aestivum,ZK001,mut,ZK001,Green anther stage,,spike,mutant,Illumina HiSeq 2000,paired,,,,"Cleistogamy, spikelet",,
cleistogamous wheat,2,SRR7876212,,PRJNA491844,,SAMN10091213,WT-3,2,Triticum aestivum,Yumai 18,wt,wt,Green anther stage,,spike,control,Illumina HiSeq 2000,paired,,,,"Chasmogamy, spikelet",,
cleistogamous wheat,2,SRR7876213,,PRJNA491844,,SAMN10091213,WT-2,2,Triticum aestivum,Yumai 18,wt,wt,Green anther stage,,spike,control,Illumina HiSeq 2000,paired,,,,"Chasmogamy, spikelet",,
cleistogamous wheat,2,SRR7876214,,PRJNA491844,,SAMN10091213,WT-1,2,Triticum aestivum,Yumai 18,wt,wt,Green anther stage,,spike,control,Illumina HiSeq 2000,paired,,,,"Chasmogamy, spikelet",,
cleistogamous wheat,2,SRR7876215,,PRJNA491844,,SAMN10091214,ZK01-3,1,Triticum aestivum,ZK001,mut,ZK001,Green anther stage,,spike,mutant,Illumina HiSeq 2000,paired,,,,"Cleistogamy, spikelet",,
cleistogamous wheat,2,SRR7876216,,PRJNA491844,,SAMN10091214,ZK01-2,1,Triticum aestivum,ZK001,mut,ZK001,Green anther stage,,spike,mutant,Illumina HiSeq 2000,paired,,,,"Cleistogamy, spikelet",,
ms1 line,29109252,SRR5860104,,PRJNA395401,,SAMN07405625,RNA-seq mut-ms1 replicate2,1,Triticum aestivum,Ningchun4,mut,ms1,meiosis and uninuclear stage,,anther,mutant,Illumina HiSeq 2000,paired,,,,male steril,,
ms1 line,29109252,SRR5860105,,PRJNA395401,,SAMN07405623,RNA-seq mut-ms1 replicate1,1,Triticum aestivum,Ningchun4,mut,ms1,meiosis and uninuclear stage,,anther,mutant,Illumina HiSeq 2000,paired,,,,male steril,,
ms1 line,29109252,SRR5860107,,PRJNA395401,,SAMN07405629,RNA-seq wild type-HE replicate2,2,Triticum aestivum,Ningchun4,wt,wt,meiosis and uninuclear stage,,anther,control,Illumina HiSeq 2000,paired,,,,,,
ms1 line,29109252,SRR5860109,,PRJNA395401,,SAMN07405628,RNA-seq wild type-HE replicate1,2,Triticum aestivum,Ningchun4,wt,wt,meiosis and uninuclear stage,,anther,control,Illumina HiSeq 2000,paired,,,,,,
ms1 line,29109252,SRR5860110,,PRJNA395401,,SAMN07405626,RNA-seq wild type-WT replicate2,3,Triticum aestivum,Ningchun4,wt,wt,meiosis and uninuclear stage,,anther,control,Illumina HiSeq 2000,paired,,,,,,
ms1 line,29109252,SRR5860111,,PRJNA395401,,SAMN07405624,RNA-seq wild type-WT replicate1,3,Triticum aestivum,Ningchun4,wt,wt,meiosis and uninuclear stage,,anther,control,Illumina HiSeq 2000,paired,,,,,,
plant stages,30115783,SRR6802606,,PRJNA436817,,SAMN08633969,CS_RNSQ_9,1,Triticum aestivum,CS,wt,wt,Spike Development,,ovary,control,Illumina HiSeq 2000,paired,,,,landrace,,
plant stages,30115783,SRR6802607,,PRJNA436817,,SAMN08633970,CS_RNSQ_10,1,Triticum aestivum,CS,wt,wt,Spike Development,,ovary,control,Illumina HiSeq 2000,paired,,,,landrace,,
plant stages,30115783,SRR6802608,,PRJNA436817,,SAMN08633963,CS_RNSQ_3,2,Triticum aestivum,CS,wt,wt,Spike Development,,rachis,control,Illumina HiSeq 2000,paired,,,,landrace,,
plant stages,30115783,SRR6802609,,PRJNA436817,,SAMN08633964,CS_RNSQ_4,3,Triticum aestivum,CS,wt,wt,Spike Development,,spike,control,Illumina HiSeq 2000,paired,,,,landrace,,
plant stages,30115783,SRR6802610,,PRJNA436817,,SAMN08633961,CS_RNSQ_1,3,Triticum aestivum,CS,wt,wt,Spike Development,,spike,control,Illumina HiSeq 2000,paired,,,,landrace,,
plant stages,30115783,SRR6802611,,PRJNA436817,,SAMN08633962,CS_RNSQ_2,3,Triticum aestivum,CS,wt,wt,Spike Development,,spike,control,Illumina HiSeq 2000,paired,,,,landrace,,
plant stages,30115783,SRR6802612,,PRJNA436817,,SAMN08633967,CS_RNSQ_7,1,Triticum aestivum,CS,wt,wt,Spike Development,,ovary,control,Illumina HiSeq 2000,paired,,,,landrace,,
plant stages,30115783,SRR6802613,,PRJNA436817,,SAMN08633968,CS_RNSQ_8,1,Triticum aestivum,CS,wt,wt,Spike Development,,ovary,control,Illumina HiSeq 2000,paired,,,,landrace,,
plant stages,30115783,SRR6802614,,PRJNA436817,,SAMN08633965,CS_RNSQ_5,3,Triticum aestivum,CS,wt,wt,Spike Development,,spike,control,Illumina HiSeq 2000,paired,,,,landrace,,
plant stages,30115783,SRR6802615,,PRJNA436817,,SAMN08633966,CS_RNSQ_6,2,Triticum aestivum,CS,wt,wt,Spike Development,,rachis,control,Illumina HiSeq 2000,paired,,,,landrace,,
embryo development,31168755,SRR7688751,,PRJNA485741,,SAMN09813475,GSM3330658,1,Triticum aestivum,Zhou 8425B,wt,wt,14 day post anthesis,,embryo,control,Illumina HiSeq 4000,paired,,,,Grain,,
embryo development,31168755,SRR7688752,,PRJNA485741,,SAMN09813474,GSM3330659,1,Triticum aestivum,Zhou 8425B,wt,wt,14 day post anthesis,,embryo,control,Illumina HiSeq 4000,paired,,,,Grain,,
embryo development,31168755,SRR7688753,,PRJNA485741,,SAMN09813485,GSM3330660,1,Triticum aestivum,Zhou 8425B,wt,wt,14 day post anthesis,,embryo,control,Illumina HiSeq 4000,paired,,,,Grain,,
embryo development,31168755,SRR7688754,,PRJNA485741,,SAMN09813484,GSM3330661,2,Triticum aestivum,Zhou 8425B,wt,wt,25 day post anthesis,,endosperm,control,Illumina HiSeq 4000,paired,,,,Grain – endosperm  (including episperm and pericarp),,
embryo development,31168755,SRR7688755,,PRJNA485741,,SAMN09813483,GSM3330662,2,Triticum aestivum,Zhou 8425B,wt,wt,25 day post anthesis,,endosperm,control,Illumina HiSeq 4000,paired,,,,Grain – endosperm  (including episperm and pericarp),,
embryo development,31168755,SRR7688756,,PRJNA485741,,SAMN09813482,GSM3330663,2,Triticum aestivum,Zhou 8425B,wt,wt,25 day post anthesis,,endosperm,control,Illumina HiSeq 4000,paired,,,,Grain – endosperm  (including episperm and pericarp),,
embryo development,31168755,SRR7688757,,PRJNA485741,,SAMN09813481,GSM3330664,1,Triticum aestivum,Zhou 8425B,wt,wt,14 day post anthesis,,embryo,control,Illumina HiSeq 4000,paired,,,,Grain,,
embryo development,31168755,SRR7688758,,PRJNA485741,,SAMN09813480,GSM3330665,1,Triticum aestivum,Zhou 8425B,wt,wt,14 day post anthesis,,embryo,control,Illumina HiSeq 4000,paired,,,,Grain,,
embryo development,31168755,SRR7688759,,PRJNA485741,,SAMN09813479,GSM3330666,1,Triticum aestivum,Zhou 8425B,wt,wt,14 day post anthesis,,embryo,control,Illumina HiSeq 4000,paired,,,,Grain,,
embryo development,31168755,SRR7688760,,PRJNA485741,,SAMN09813476,GSM3330667,2,Triticum aestivum,Zhou 8425B,wt,wt,25 day post anthesis,,endosperm,control,Illumina HiSeq 4000,paired,,,,Grain – endosperm  (including episperm and pericarp),,
embryo development,31168755,SRR7688761,,PRJNA485741,,SAMN09813478,GSM3330668,2,Triticum aestivum,Zhou 8425B,wt,wt,25 day post anthesis,,endosperm,control,Illumina HiSeq 4000,paired,,,,Grain – endosperm  (including episperm and pericarp),,
embryo development,31168755,SRR7688762,,PRJNA485741,,SAMN09813477,GSM3330669,2,Triticum aestivum,Zhou 8425B,wt,wt,25 day post anthesis,,endosperm,control,Illumina HiSeq 4000,paired,,,,Grain – endosperm  (including episperm and pericarp),,
tiller number ,31350929,SRR8413503,,PRJNA513351,,SAMN10711470,1,1,Triticum aestivum,Kenong199,wt,wt,3-week old,,axillary bud,control,Illumina HiSeq 2500,paired,,,,Axillary bud primordia,,
tiller number ,31350929,SRR8413504,,PRJNA513351,,SAMN10711469,2,1,Triticum aestivum,Kenong199,wt,wt,3-week old,,axillary bud,control,Illumina HiSeq 2500,paired,,,,Axillary bud primordia,,
tiller number ,31350929,SRR8413505,,PRJNA513351,,SAMN10711468,3,1,Triticum aestivum,Kenong199,wt,wt,3-week old,,axillary bud,control,Illumina HiSeq 2500,paired,,,,Axillary bud primordia,,
tiller number ,31350929,SRR8413506,,PRJNA513351,,SAMN10711467,4,1,Triticum aestivum,Kenong199,wt,wt,3-week old,,axillary bud,control,Illumina HiSeq 2500,paired,,,,Axillary bud primordia,,
tiller number ,31350929,SRR8413507,,PRJNA513351,,SAMN10711466,5,1,Triticum aestivum,Kenong199,wt,wt,3-week old,,axillary bud,control,Illumina HiSeq 2500,paired,,,,Axillary bud primordia,,
tiller number ,31350929,SRR8413508,,PRJNA513351,,SAMN10711465,6,1,Triticum aestivum,Kenong199,wt,wt,3-week old,,axillary bud,control,Illumina HiSeq 2500,paired,,,,Axillary bud primordia,,
chlorophyll deficiency,29270875,SRR5186313,,PRJNA362497,,SAMN06240325,Jimai5265_1,1,Triticum aestivum,Jimai5265,wt,wt,"4 week old, tillering stage",,leaf,control,Illumina HiSeq 2500,paired,,,,the second fully expanded leaves,,
chlorophyll deficiency,29270875,SRR5186364,,PRJNA362497,,SAMN06240326,Jimai5265_2,1,Triticum aestivum,Jimai5265,wt,wt,"4 week old, tillering stage",,leaf,control,Illumina HiSeq 2500,paired,,,,the second fully expanded leaves,,
chlorophyll deficiency,29270875,SRR5186375,,PRJNA362497,,SAMN06240327,Jimai5265_3,1,Triticum aestivum,Jimai5265,wt,wt,"4 week old, tillering stage",,leaf,control,Illumina HiSeq 2500,paired,,,,the second fully expanded leaves,,
chlorophyll deficiency,29270875,SRR5186382,,PRJNA362497,,SAMN06240328,Jimai5265yg_1,2,Triticum aestivum,Jimai5265,mut,yg,"4 week old, tillering stage",,leaf,mutant,Illumina HiSeq 2500,paired,,,,the second fully expanded leaves,,
chlorophyll deficiency,29270875,SRR5186387,,PRJNA362497,,SAMN06240329,Jimai5265yg_2,2,Triticum aestivum,Jimai5265,mut,yg,"4 week old, tillering stage",,leaf,mutant,Illumina HiSeq 2500,paired,,,,the second fully expanded leaves,,
chlorophyll deficiency,29270875,SRR5186416,,PRJNA362497,,SAMN06240330,Jimai5265yg_3,2,Triticum aestivum,Jimai5265,mut,yg,"4 week old, tillering stage",,leaf,mutant,Illumina HiSeq 2500,paired,,,,the second fully expanded leaves,,
